Source_Id,MDM_CONTACT_ID,CONTACT_TYPE,FST_NAME,FULL_NAME,MIDDLE_NAME,LAST_NAME,FAX_PH_NUM1,FAX_PH_NUM2,FAX_PH_NUM3,PRIMARY_MOBILE_NUM,SECONDARY_MOBILE_NUM,WORK_PHONE1,WORK_PHONE2,WORK_PHONE3,HOME_PHONE,ETHNICITY_NAME,MARITAL_STATUS,BIRTH_DT,BIRTH_PLACE,CITIZENSHIP,EDUCATION_BCKGND,EDUCATION_YEARS,GRAD_YR,EMAIL_ADDRESS,ADDR_EFF_DATE,DECEASE_FLG,PER_TITLE,PER_TITLE_SUFFIX,JOB_TITLE,COMMENTS,PRIMARY_SPECIALTY,DEGREE,CERTIFICATION,GENDER,MANAGER_ID,CREATED_BY_ID,CHANGED_BY_ID,CREATED_ON_DT,CHANGED_ON_DT,Country,State,SITE_ID,PROTOCOL_NUM
4069,100062,Investigator,Reneav,,,Jeyakumar,,,,8 902 8724833,,,,,,,Married,3/6/1987,Chennai,,,,,reneav@rediff.com,,,,,HOD,,,,,M,,,,Sat May 09 00:00:00 UTC 22,Sat May 09 00:00:00 UTC 22,Kyrgyzstan,NI,PTCL00300211,PTCL003
4070,100063,Investigator,Eji,,Chuzan,Markskavi,,,,+7 384 258-33-42,,,,,,,Single,8/19/2011,Chennai,,,,,eji@gmail.com,,,,,Study Nurse,,,,,F,,,,Sat May 09 00:00:00 UTC 22,Sat May 09 00:00:00 UTC 22,Turkey,SIC,PTCL00300214,PTCL003
4071,100064,Investigator,Sergei,,,Boitsovo,,,,+7 812 316-59-11,,,,,,,,9/1/1945,9/1/1945,,,,,Sergey.Boitsov@gmail.com,,,Dr.,,Head of department,,,,,M,,,,Sat May 09 00:00:00 UTC 22,Sat May 09 00:00:00 UTC 22,Jersey,KD,PTCL00300217,PTCL003
4072,100065,Investigator,Konstantin,,,Molvinskih,,,,811-22-99202,,,,,,,,10/19/1987,10/19/1987,,,,,Konstantin.Molvinskih@gmail.com,,,MD,,Expert in critical care,,,,,M,,,,Sat May 09 00:00:00 UTC 22,Sat May 09 00:00:00 UTC 22,Iran,MS,PTCL00300220,PTCL003
