Source_Id,MDM_CONTACT_ID,CONTACT_TYPE,FST_NAME,FULL_NAME,MID_NAME,LAST_NAME,FAX_PH_NUM1,FAX_PH_NUM2,FAX_PH_NUM3,PRIMARY_MOBILE_NUM,SECONDARY_MOBILE_NUM,WORK_PHONE1,WORK_PHONE2,WORK_PHONE3,HOME_PHONE,ETHNICITY_NAME,MARITAL_STATUS,BIRTH_DT,BIRTH_PLACE,CITIZENSHIP,EDUCATION_BCKGND,EDUCATION_YEARS,GRAD_YR,EMAIL_ADDRESS,ADDR_EFF_DATE,DECEASE_FLG,PER_TITLE,PER_TITLE_SUFFIX,JOB_TITLE,COMMENTS,PRIMARY_SPECIALTY,DEGREE,CERTIFICATION,GENDER,MANAGER_ID,CREATED_BY_ID,CHANGED_BY_ID,CREATED_ON_DT,CHANGED_ON_DT,Country,State,SITE_ID,PROTOCOL_NUM
7000,100413,Investigator,Elenak,,,Kovalenko,+7 495 196 17 92 fax,,,+7 49519619689675,,+7 495 196 19 68 work,,,,,,4/8/1940,,,,,,Elena.Kovalenko@gmail.com,,,,,,,,,,,,,,Sat May 09 00:00:00 UTC 22,Sat May 09 00:00:00 UTC 22,Senegal,MA,PTCL00600166,PTCL006
7001,100414,Investigator,Sergey,,,Khimicheb,,,,+380 432 461 127,,,,,,,,2/3/1962,,,,,,Sergey.Khimichev@gmail.com,,,prof.,,,,,,,,,,,Sat May 09 00:00:00 UTC 22,Sat May 09 00:00:00 UTC 22,Zambia,Pembrokeshire,PTCL00600169,PTCL006
78678,100242,Investigator,Christopher,,,Langar,+7(812) 336 33 34 fax,,,+7 1233633339675,,+7 812 336 33 33 work,,,,,,,,,,,,chris.langer@gmail.com,,,Dr,,,,,,,,,,,Sat May 09 00:00:00 UTC 22,Sat May 09 00:00:00 UTC 22,Zimbabwe,Namen,PTCL00600202,ST1
4101,100242,Investigator,Christop,,,Langar,+7(812) 336 33 34 fax,,,7.12336E+13,,+7 812 336 33 33 work,,,,,,,,,,,,chris.langer@gmail.com,,,Dr,,,,,,,,,,,Sat May 09 00:00:00 UTC 22,Sat May 09 00:00:00 UTC 22,Zimbabwe,Namen,PTCL00600202,ST1
7002,100415,Investigator,Marie,,,Pashentsev,+7 495 644 0989 fax,,,+7 96396215102355,,,,,,,,10/13/1949,,,,,,Marie.Pashentseva@gmail.com,,,,,Clinical Research Assistant,,,,,,,,,Sat May 09 00:00:00 UTC 22,Sat May 09 00:00:00 UTC 22,Chad,Zachodniopomorskie,PTCL00600172,PTCL006
7003,100416,Pharmacist,Thomas,Tomas Lenikus,,Lenikus,,,,+420 487 954 290,,4.20E+11,,,,,,12/6/1949,,,,,,,,,Mr.,,Pharmacist,,,,,,,,,Sat May 09 00:00:00 UTC 22,Sat May 09 00:00:00 UTC 22,Virgin Islands  United States,Louisiana,PTCL00600175,PTCL006
7005,100418,Investigator,Gennadiy,,,Lezhenko,,,,+380 50 540 6495,,,,,,,,10/22/1950,,,,,,Gennadiy.Lezhenko@gmail.com,,,,,,,,,,,,,,Sat May 09 00:00:00 UTC 22,Sat May 09 00:00:00 UTC 22,Uruguay,Vlaams-Brabant,PTCL00600181,PTCL006
7004,100417,Investigator,Olga,,,Kotova,+7 8312 325 481 fax,,,+7 3123891839675,,+7 8312 389 183 work,,,,,,10/24/1976,,,,,,Olga.Kotova@gmail.com,,,,,,,,,,F,,,,Sat May 09 00:00:00 UTC 22,Sat May 09 00:00:00 UTC 22,Singapore,AN,PTCL00600178,PTCL006
9898,1009999,Investigator,Gennadi,,,Lezhenko,,,,+380 50 540 6495,,,,,,,,9/15/1933,,,,,,Gennadi.Lezhenko@gmail.com,,,,,,,,,,,,,,Sat May 09 00:00:00 UTC 22,Sat May 09 00:00:00 UTC 22,Uruguay,Vlaams-Brabant,PTCL00600181,PTCL006
7006,100419,Investigator,Adam,Adam Ciesielski,,Ciesielski,48683560975,,,+48 782 974 402,,48683882318,,,,,,5/17/1969,,,,,,Adam.Ciesielski@gmail.com,,,Dr.,,Sub-Investigator,,,,,,,,,Sat May 09 00:00:00 UTC 22,Sat May 09 00:00:00 UTC 22,Nauru,Ist,PTCL00600184,PTCL006
7007,10042,Investigator,Andrea,Andrea C Garone,C,Garon,,,,,,5.41E+11,,,,,,5/8/1952,,,,,,Andrea.Garon@gmail.com,,,Dr.,,Sub-Investigator,,,,,,,,,Sat May 09 00:00:00 UTC 22,Sat May 09 00:00:00 UTC 22,Palestine  State of,Limburg,PTCL00600187,PTCL006
7008,100420,Investigator,Tatiana,,,Ivanova,,,,+7 382 253-21-23,,,,,,,,5/22/1970,,,,,,Tatiana.Ivanova@gmail.com,,,,,Assistant,,,,,F,,,,Sat May 09 00:00:00 UTC 22,Sat May 09 00:00:00 UTC 22,Hungary,NW,PTCL00600190,PTCL006
7009,100421,Investigator,Natalia,,,Ivanova,,,,+7 812 450-66-30,,,,,,,,3/2/1964,,,,,,Natalia.Ivanova@gmail.com,,,,,,,,,,,,,,Sat May 09 00:00:00 UTC 22,Sat May 09 00:00:00 UTC 22,Poland,Flintshire,PTCL00600193,PTCL006
7010,100422,Investigator,Victor,,,Konoplitskiy,,,,(0432)552042,,,,,,,,9/21/1951,,,,,,Victor.Konoplitskiy@gmail.com,,,,,surgeon,,,,,,,,,Sat May 09 00:00:00 UTC 22,Sat May 09 00:00:00 UTC 22,Azerbaijan,AB,PTCL00600196,PTCL006
7011,100423,Investigator,,,,Punin,,,,+7 481 227-11-06,,,,,,,,8/28/1936,,,,,,.Punin@gmail.com,,,,,,,,,,,,,,Sat May 09 00:00:00 UTC 22,Sat May 09 00:00:00 UTC 22,Greece,Bihar,PTCL00600199,PTCL006
7012,100424,Investigator,Olga,,,Khionderko,,,,+7 481 261-12-94,,,,,,,,5/4/1986,,,,,,Olga.Khionderko@gmail.com,,,,,,,,,,,,,,Sat May 09 00:00:00 UTC 22,Sat May 09 00:00:00 UTC 22,Zimbabwe,Namen,PTCL00600202,PTCL006
7013,100425,Investigator,Petr,,,Suschenko,,,,+380 44 440 7566,,,,,,,,11/13/1975,,,,,,,,,,,,,,,,,,,,Sat May 09 00:00:00 UTC 22,Sat May 09 00:00:00 UTC 22,Brunei,Hatay,PTCL00600205,PTCL006
7014,100426,Research Nurse,Edita,Edyta Barna,,,48713903838,,,+48 784 082 212,,48713903838,,,,,,7/18/1951,,,,,,Edita.@gmail.com,,,Ms.,,Study Nurse,,,,,,,,,Sat May 09 00:00:00 UTC 22,Sat May 09 00:00:00 UTC 22,Kenya,Stockholms län,PTCL00600208,PTCL006
7015,100427,Investigator,Aleksandr,,,Vizel,+7 8432 99 40 48 fax,,,7 8432 72 30 26,,,,,,,,2/17/1945,,,,,,Aleksandr.Vizel@gmail.com,,,,,,,,,,,,,,Sat May 09 00:00:00 UTC 22,Sat May 09 00:00:00 UTC 22,Virgin Islands  United States,Ist,PTCL00600211,PTCL006
7016,100428,Investigator,Ninak,,,Karaseva,+7 812 756 99 23 fax,,,+7 92195065262355,,,,,,,,10/11/1959,,,,,,Ninak.Karaseva@gmail.com,,,,,,,,,,,,,,Sat May 09 00:00:00 UTC 22,Sat May 09 00:00:00 UTC 22,Iceland,Madrid,PTCL00600214,PTCL006
7017,100429,Investigator,Ehteshami,,,Abdi,+61 (0)7 5506 7293 fax,,,+61 7 5506 7296,,,,,,,,5/23/1989,,,,,,Ehteshami.Abdi@gmail.com,,,Prof.,,,,,,,,,,,Sat May 09 00:00:00 UTC 22,Sat May 09 00:00:00 UTC 22,Gambia,KY,PTCL00600217,PTCL006
7018,10043,Investigator,Shintarok,Shintaro Morimoto,,Morimoto,81144333153,,,,,81144333131,,,,,,12/14/1962,,,,,,Shintaro.Morimoto@gmail.com,,,Mr.,,Sub-Investigator,,,,,,,,,Sat May 09 00:00:00 UTC 22,Sat May 09 00:00:00 UTC 22,Iran,Rivers,PTCL00600220,PTCL006
7019,100430,Investigator,Alexander,,,,,,,+7 383664734,,,,,,,,4/16/1974,,,,,,Alexander.@gmail.com,,,,,cardilogist,,,,,,,,,Sat May 09 00:00:00 UTC 22,Sat May 09 00:00:00 UTC 22,Palestine  State of,Connacht,PTCL00600223,PTCL006
7020,100431,Investigator,Elena,,,Orlova-Morozova,,,,+7 495 915-38-41,,,,,,,,7/15/1943,,,,,,Elena.Orlova-Morozova@gmail.com,,,,,,,,,,,,,,Sat May 09 00:00:00 UTC 22,Sat May 09 00:00:00 UTC 22,Greenland,Pará,PTCL00600226,PTCL006
7021,100432,Investigator,Andrew,,,Karpenko,,,,+7 38522460249675,,+7 3852 24 60 24 work,,,,,,11/24/1939,,,,,,Andrew.Karpenko@gmail.com,,,Professor,,,,,,,M,,,,Sat May 09 00:00:00 UTC 22,Sat May 09 00:00:00 UTC 22,Tajikistan,Campania,PTCL00600229,PTCL006
7022,100433,Investigator,Oleg,,,Vinogradov,+7 495 465 09 52 fax,,,+7 49546450639675,,+7 495 464 50 63 work,,,,,,11/26/1963,,,,,,Oleg.Vinogradov@gmail.com,,,,,Neurologist,,,,,,,,,Sat May 09 00:00:00 UTC 22,Sat May 09 00:00:00 UTC 22,Saint Pierre and Miquelon,WB,PTCL00600232,PTCL006
7023,100434,Investigator,Svetlana,Svetlana S Strukova,S,Strukova,(3532) 33 21 92,,,+7 905 886-48-55,,,,,,,,11/30/1935,,,,,,Svetlana.Strukova@gmail.com,,,,,,,,,,,,,,Sat May 09 00:00:00 UTC 22,Sat May 09 00:00:00 UTC 22,Dominican Republic,Vlaams-Brabant,PTCL00600235,PTCL006
7024,100435,Investigator,Olga,,,Ilina,,,,7812499-68-98,,,,,,,,3/1/1935,,,,,,,,,,,,,,,,,,,,Sat May 09 00:00:00 UTC 22,Sat May 09 00:00:00 UTC 22,Mauritania,Ontario,PTCL00600238,PTCL006
7025,100436,Investigator,Vitaliy,,,Pishek,,,,+380 44 503 8700,,,,,,,,2/18/1940,,,,,,Vitaliy.Pishek@gmail.com,,,prof,,????????????????,,,,,,,,,Sat May 09 00:00:00 UTC 22,Sat May 09 00:00:00 UTC 22,Somalia,NSW,PTCL00600241,PTCL006
7026,100437,Investigator,,,,Shetekauri,fax: +7 3912 469 408,,,+7 391 246-94-08,,,,,,,,4/14/1967,,,,,,.Shetekauri@gmail.com,,,,,Expert in critical care,,,,,M,,,,Sat May 09 00:00:00 UTC 22,Sat May 09 00:00:00 UTC 22,Cape Verde,MA,PTCL00600244,PTCL006
7027,100438,Investigator,Vasiliy,,,Kuzin,,,,+7 495 465-82-16,,,,,,,,4/3/1942,,,,,,Vasiliy.Kuzin@gmail.com,,,,,,,,,,,,,,Sat May 09 00:00:00 UTC 22,Sat May 09 00:00:00 UTC 22,Guyana,New Brunswick,PTCL00600247,PTCL006
