Source_Id,MDM_CONTACT_ID,CONTACT_TYPE,FST_NAME,FULL_NAME,MID_NAME,LAST_NAME,FAX_PH_NUM1,FAX_PH_NUM2,FAX_PH_NUM3,PRIMARY_MOBILE_NUM,SECONDARY_MOBILE_NUM,WORK_PHONE1,WORK_PHONE2,WORK_PHONE3,HOME_PHONE,ETHNICITY_NAME,MARITAL_STATUS,BIRTH_DT,BIRTH_PLACE,CITIZENSHIP,EDUCATION_BCKGND,EDUCATION_YEARS,GRAD_YR,EMAIL_ADDRESS,ADDR_EFF_DATE,DECEASE_FLG,PER_TITLE,PER_TITLE_SUFFIX,JOB_TITLE,COMMENTS,PRIMARY_SPECIALTY,DEGREE,CERTIFICATION,GENDER,MANAGER_ID,CREATED_BY_ID,CHANGED_BY_ID,CREATED_ON_DT,CHANGED_ON_DT,Country,State,SITE_ID,PROTOCOL_NUM
4101,100242,Investigator,Christopher,,,Langar,+7(812) 336 33 34 fax,,,+7 1233633339675,,+7 812 336 33 33 work,,,,,,2/14/1979,,,,,,c.l@gmail.com,,,Dr,,,,,,,,,,,Sat May 09 00:00:00 UTC 22,Sat May 09 00:00:00 UTC 22,Zimbabwe,Namen,PTCL00600202,ST1
4038,100034,Investigator,Chrestoph,,,Linger,,,,+7 1233633339675,,,,,,,,1/0/1900,,,,,,chris@gmail.com,,,,,Nurse,,,,,,,,,Sat May 09 00:00:00 UTC 22,Sat May 09 00:00:00 UTC 22,Armenia,MS,PTCL00300250,PTCL003
4039,100035,Investigator,Lubov,,,Kozhikina,,,,+7 812 265-28-41,,,,,,,,12/15/1975,,,,,,Lubov.Kozhikina@gmail.com,,,Dr.,,staff phisition,,,,,,,,,Sat May 09 00:00:00 UTC 22,Sat May 09 00:00:00 UTC 22,Switzerland,Texas,PTCL00300253,PTCL003
4041,100037,Investigator,Nina,,,Ivanyukhina,,,,811-22-99200,,,,,,,,3/6/1944,,,,,,Nina.Ivanyukhina@gmail.com,,,MD,,Expert in critical care,,,,,F,,,,Sat May 09 00:00:00 UTC 22,Sat May 09 00:00:00 UTC 22,Saint Kitts and Nevis,Colorado,PTCL00300259,PTCL003
4044,10004,Laboratory,Sam,Sam Ellis,,Ellis,13037246784,,,,,13037240047,,,,,,12/31/1978,,,,,,,,,Dr.,,Laboratory Technician,,,,,,,,,Sat May 09 00:00:00 UTC 22,Sat May 09 00:00:00 UTC 22,Cameroon,Alberta,PTCL00300202,PTCL003
4045,100040,Investigator,Igor,,,Belenkil,,,,+7 812 583-16-10,,,,,,,,6/20/1976,,,,,,Igor.Belenkil@gmail.com,,,,,,,,,,M,,,,Sat May 09 00:00:00 UTC 22,Sat May 09 00:00:00 UTC 22,Saint Pierre and Miquelon,Wie,PTCL00300205,PTCL003
9099,100040,Investigator,Igol,,,Belenkil,,,,+7 812 583-16-10,,,,,,,,3/31/1960,,,,,,Igor.Belenkil@gmail.com,,,,,,,,,,M,,,,Sat May 09 00:00:00 UTC 22,Sat May 09 00:00:00 UTC 22,Saint Pierre and Miquelon,Wie,PTCL00300205,PTCL003
9999,100040,Investigator,Igok,,,Belenkis,,,,+7 812 583-16-10,,,,,,,,5/25/1941,,,,,,Igok.Belenkis@gmail.com,,,,,,,,,,M,,,,Sat May 09 00:00:00 UTC 22,Sat May 09 00:00:00 UTC 22,Saint Pierre and Miquelon,Wie,PTCL00300205,PTCL003
4046,100041,Investigator,,,,Ginzburk,+7 343 376 99 59 fax,,,+7 34337699599675,,+7 343 376 99 59 work,,,,,,4/30/1944,,,,,,.Ginzburk@gmail.com,,,,,Head of Department of Head and Neck Neoplasms,,,,,M,,,,Sat May 09 00:00:00 UTC 22,Sat May 09 00:00:00 UTC 22,Israel,Bursa,PTCL00300208,PTCL003
545345,100251,Investigator,Tatyana,,,Polyakova,,,,+7 499 263-52-53,,,,,,,,3/2/1988,,,,,,Tatyana.Polyakova@gmail.com,,,,,,,,,,,,,,Sat May 09 00:00:00 UTC 22,Sat May 09 00:00:00 UTC 22,Saint Pierre and Miquelon,WB,PTCL00600232,PTCL006
76765,100252,Investigator,Olgaj,,,Korneeva,,,,+7 4956832708835329,,,,,,,,1/6/1980,,,,,,Olga.Korn.eeva@gmail.com,,,,,,,,,,,,,,Sat May 09 00:00:00 UTC 22,Sat May 09 00:00:00 UTC 22,Dominican Republic,Vlaams-Brabant,PTCL00600235,PTCL006
546546,100253,Investigator,Marinov,,,Leonova,,,,+7 0952612308,,,,,,,,12/8/1974,,,,,,Marina.Leonova@gmail.com,,,,,Professor of Clinical Pharmacology,,,,,,,,,Sat May 09 00:00:00 UTC 22,Sat May 09 00:00:00 UTC 22,Mauritania,Ontario,PTCL00600238,PTCL006
4047,100042,Investigator,Michael,,,Corleone,+7 8612 22 29 23 fax,,,+7 861 222-29-35,,,,,,,,4/24/1986,,,,,,m.corleone@gmai.com,,,,,,,,,,,,,,Sat May 09 00:00:00 UTC 22,Sat May 09 00:00:00 UTC 22,Kyrgyzstan,NI,PTCL00300211,PTCL003
4048,100043,Investigator,Natalia,,,Kopovaia,,,,+7 499 263-01-65,,,,,,,,8/5/1985,,,,,,Nat@alia.Kopovaia@gmail.com,,,,,,,,,,,,,,Sat May 09 00:00:00 UTC 22,Sat May 09 00:00:00 UTC 22,Turkey,SIC,PTCL00300214,PTCL003
4049,100044,Investigator,Vyacheslav,,,Fofanov,,,,(0342)525649,,,,,,,,6/7/1971,,,,,,Vyacheslav.Fofanov@gmail.com,,,,,surgeon,,,,,,,,,Sat May 09 00:00:00 UTC 22,Sat May 09 00:00:00 UTC 22,Jersey,KD,PTCL00300217,PTCL003
4050,100045,Investigator,Yulia,,,Kovalepa,+7 495 681 13 08 fax,,,+7 49568113089675,,+7 495 681 13 08 work,,,,,,5/18/1989,,,,,,Yulia.Kovalepa@gmail.com,,,,,,,,,,,,,,Sat May 09 00:00:00 UTC 22,Sat May 09 00:00:00 UTC 22,Iran,MS,PTCL00300220,PTCL003
4051,100046,Investigator,Margarita,,,Khrakovskaya,,,,5119202,,,,,,,,6/2/1989,,,,,,,,,Dr.,,head of department,,,,,,,,,Sat May 09 00:00:00 UTC 22,Sat May 09 00:00:00 UTC 22,Latvia,Adana,PTCL00300223,PTCL003
4052,100047,Investigator,Lyubov,,,Voyeykova,39 057 775 15 51 fax,,,38 057 775 15 15,,,,,,,,10/21/1961,,,,,,Lyubov.Voyeykova@gmail.com,,,,,research associate of the Dep. of Pulmonology of the Institute,,,,,,,,,Sat May 09 00:00:00 UTC 22,Sat May 09 00:00:00 UTC 22,Malta,Ohio,PTCL00300226,PTCL003
4053,100048,Investigator,Tatiana,,,Bondarenko,,,,89215824192,,,,,,,,12/28/1945,,,,,,Tatyana.Bondarenko@gmail.com,,,,,,,,,,,,,,Sat May 09 00:00:00 UTC 22,Sat May 09 00:00:00 UTC 22,Qatar,Wie,PTCL00300229,PTCL003
4054,100049,Investigator,Elena,,,Shergink,,,,8 (495) 268 79 11,,,,,,,,10/13/1944,,,,,,Elena.Shergink@gmail.com,,,,,Head of Functional Diagnostic Department,,,,,,,,,Sat May 09 00:00:00 UTC 22,Sat May 09 00:00:00 UTC 22,Rwanda,LU,PTCL00300232,PTCL003
4057,100051,Investigator,Olgi,,,Geinitik,,,,73822644622,,,,,,,,5/15/1986,,,,,,Olgi.Geinitik@gmail.com,,,,,,,,,,F,,,,Sat May 09 00:00:00 UTC 22,Sat May 09 00:00:00 UTC 22,Niue,Vienna,PTCL00300241,PTCL003
4058,100052,Investigator,Vladim,,,Popova,,,,8-909-214-51-31 cell,,,,,,,,5/7/1942,,,,,,,,,,,,,,,,M,,,,Sat May 09 00:00:00 UTC 22,Sat May 09 00:00:00 UTC 22,Georgia,Borno,PTCL00300244,PTCL003
4059,100053,Investigator,Ludmila,,,Dzyak,,,,80 667 100 247,,,,,,,,7/29/1973,,,,,,Ludmila.Dzyak@gmail.com,,,Doctor,,,,,,,,,,,Sat May 09 00:00:00 UTC 22,Sat May 09 00:00:00 UTC 22,Guyana,AB,PTCL00300247,PTCL003
4060,100054,Investigator,Maria,,,,,,,+7 863 222-03-24,,,,,,,,11/28/1969,,,,,,Marie.@gmail.com,,,Professor,,,,,,,F,,,,Sat May 09 00:00:00 UTC 22,Sat May 09 00:00:00 UTC 22,Armenia,MS,PTCL00300250,PTCL003
4062,100056,Investigator,Yuri,,,Shevtsov,,,,+7 47225049389675,,+7 4722 50 49 38 work,,,,,,9/13/1984,,,,,,Yury.Shevtsov@gmail.com,,,,,,,,,,,,,,Sat May 09 00:00:00 UTC 22,Sat May 09 00:00:00 UTC 22,Yemen,Navarra,PTCL00300256,PTCL003
4063,100057,Investigator,Ulia,,,Moiseeva,,,,7-917-574-4620,,,,,,,,4/19/1948,,,,,,Ulia.Moiseeva@gmail.com,,,,,,,,,,,,,,Sat May 09 00:00:00 UTC 22,Sat May 09 00:00:00 UTC 22,Saint Kitts and Nevis,Colorado,PTCL00300259,PTCL003
4064,100058,Investigator,Lyudmila,,,Bobyryova,,,,+380 5322 24365,,,,,,,,4/24/1990,,,,,,,,,Prof.,,,,,,,,,,,Sat May 09 00:00:00 UTC 22,Sat May 09 00:00:00 UTC 22,Turks and Caicos Islands,Noord Holland,PTCL00300262,PTCL003
4065,100059,Investigator,Irine,,,Belozerova,+7 495 236 63 71 fax,,,+7 495 236-92-33,,,,,,,,1/9/1973,,,,,,Irina.Belozerova@gmail.com,,,,,,,,,,,,,,Sat May 09 00:00:00 UTC 22,Sat May 09 00:00:00 UTC 22,British Indian Ocean Territory,Wie,PTCL00300265,PTCL003
4066,10006,Investigator,Robert,Robert Conner,,Conne,13373126723,,,,,1373128405,,,,,,3/12/1973,,,,,,Robert.Conner@gmail.com,,,Dr.,,Sub-Investigator,,,,,,,,,Sat May 09 00:00:00 UTC 22,Sat May 09 00:00:00 UTC 22,Cameroon,Alberta,PTCL00300202,PTCL003
4067,100060,Investigator,Arkadij,,,Vertkin,+7 495 184 56 46 fax,,,+7 495 611-22-97,,,,,,,,9/16/1977,,,,,,Arkadij.Vertkin@gmail.com,,,,,,,,,,,,,,Sat May 09 00:00:00 UTC 22,Sat May 09 00:00:00 UTC 22,Saint Pierre and Miquelon,Wie,PTCL00300205,PTCL003
4068,100061,Investigator,Oleksandra,,,Popovych,,,,38 0597 442 82 72 cell,,+38 0432 43 58 13 work,,,,,,3/31/1947,,,,,,Oleksandra.Popovych@gmail.com,,,,,,,,,,,,,,Sat May 09 00:00:00 UTC 22,Sat May 09 00:00:00 UTC 22,Israel,Bursa,PTCL00300208,PTCL003
4069,100062,Investigator,Elen,,,Keniksfest,,,,8 902 8724833,,,,,,,,12/8/1944,,,,,,Elena.Keniksfest@gmail.com,,,,,,,,,,,,,,Sat May 09 00:00:00 UTC 22,Sat May 09 00:00:00 UTC 22,Kyrgyzstan,NI,PTCL00300211,PTCL003
4070,100063,Investigator,Valerii,,,Averkieva,,,,+7 384 258-33-42,,,,,,,,8/23/1961,,,,,,Valerii.Averkiev@gmail.com,,,,,,,,,,M,,,,Sat May 09 00:00:00 UTC 22,Sat May 09 00:00:00 UTC 22,Turkey,SIC,PTCL00300214,PTCL003
4071,100064,Investigator,Sergei,,,Boitsovo,,,,+7 812 316-59-11,,,,,,,,9/1/1945,,,,,,Sergey.Boitsov@gmail.com,,,Dr.,,Head of department,,,,,M,,,,Sat May 09 00:00:00 UTC 22,Sat May 09 00:00:00 UTC 22,Jersey,KD,PTCL00300217,PTCL003
4072,100065,Investigator,Konstantin,,,Molvinskih,,,,811-22-99202,,,,,,,,10/19/1987,,,,,,Konstantin.Molvinskih@gmail.com,,,MD,,Expert in critical care,,,,,M,,,,Sat May 09 00:00:00 UTC 22,Sat May 09 00:00:00 UTC 22,Iran,MS,PTCL00300220,PTCL003
4073,100066,Research Nurse,,J?efa G?siorowska,,,48126876242,,,+48 501 586 418,,48126374829,,,,,,9/9/1961,,,,,,,,,Ms.,,Study Nurse,,,,,,,,,Sat May 09 00:00:00 UTC 22,Sat May 09 00:00:00 UTC 22,Latvia,Adana,PTCL00300223,PTCL003
4074,100067,Investigator,Nastasya,,,Yur,,,,+7 381 274-49-14,,,,,,,,6/24/1947,,,,,,Nastasya.Yur@gmail.com,,,,,,,,,,F,,,,Sat May 09 00:00:00 UTC 22,Sat May 09 00:00:00 UTC 22,Malta,Ohio,PTCL00300226,PTCL003
4075,100068,Investigator,Oleksandr,,,Bondar,,,,+380 6672428202355,,+38 0572 97 50 18 work,,,,,,4/1/1981,,,,,,Oleksandr.Bondar@gmail.com,,,,,,,,,,,,,,Sat May 09 00:00:00 UTC 22,Sat May 09 00:00:00 UTC 22,Qatar,Wie,PTCL00300229,PTCL003
4076,100069,Investigator,Tatyana,,,Ryabova,+7 4212 311 329 fax,,,+7 421 227-24-57,,,,,,,,4/3/1954,,,,,,Tatyana.Ryabova@gmail.com,,,Dr.,,,,,,,,,,,Sat May 09 00:00:00 UTC 22,Sat May 09 00:00:00 UTC 22,Rwanda,LU,PTCL00300232,PTCL003
