Source_Id,MDM_CONTACT_ID,CONTACT_TYPE,FST_NAME,FULL_NAME,MID_NAME,LAST_NAME,FAX_PH_NUM1,FAX_PH_NUM2,FAX_PH_NUM3,PRIMARY_MOBILE_NUM,SECONDARY_MOBILE_NUM,WORK_PHONE1,WORK_PHONE2,WORK_PHONE3,HOME_PHONE,ETHNICITY_NAME,MARITAL_STATUS,BIRTH_DT,BIRTH_PLACE,CITIZENSHIP,EDUCATION_BCKGND,EDUCATION_YEARS,GRAD_YR,EMAIL_ADDRESS,ADDR_EFF_DATE,DECEASE_FLG,PER_TITLE,PER_TITLE_SUFFIX,JOB_TITLE,COMMENTS,PRIMARY_SPECIALTY,DEGREE,CERTIFICATION,GENDER,MANAGER_ID,CREATED_BY_ID,CHANGED_BY_ID,CREATED_ON_DT,CHANGED_ON_DT,Country,State,SITE_ID,PROTOCOL_NUM
7735,101081,Investigator,Lilia,,,Nikiforova,,,,469482,,,,,,,,,,,,,,Lilia.Nikiforova@gmail.com,,,MD,,Head of Department,,,,,F,,,,Sat May 09 00:00:00 UTC 22,Sat May 09 00:00:00 UTC 22,Latvia,SK,PTCL00600271,PTCL006
7736,101082,Investigator,Elena,,,Yakovleva,78452514960 (fax),,,78452517528,,,,,,,,,,,,,,Elena.Yakovleva@gmail.com,,,MD,,,,,,,F,,,,Sat May 09 00:00:00 UTC 22,Sat May 09 00:00:00 UTC 22,South Africa,KN,PTCL00600274,PTCL006
7737,101083,Investigator,Elena,,,Yakovlena,78452514960 (fax),,,+7 3833460122329,,,,,,,,,,,,,,Elena.Yakovlena@gmail.com,,,,,Nurse,,,,,,,,,Sat May 09 00:00:00 UTC 22,Sat May 09 00:00:00 UTC 22,Djibouti,Lagos,PTCL00600277,PTCL006
7738,101084,Investigator,Viacheslav,,,Soltanovsky,+7 495 465 09 52 fax,,,+7 49546450639675,,+7 495 464 50 63 work,,,,,,,,,,,,Viacheslav.Soltanovsky@gmail.com,,,,,,,,,,,,,,Sat May 09 00:00:00 UTC 22,Sat May 09 00:00:00 UTC 22,United States,Lubelskie,PTCL00600280,PTCL006
7739,101085,Investigator,Mikhail Pavlovich,Mikhail Pavlovich Malchugin,,,,,,+7 812 993-43-67,,+7(812)5923554,,,,,,,,,,,,Mikhail Pavlovich.@gmail.com,,,,,,,,,,,,,,Sat May 09 00:00:00 UTC 22,Sat May 09 00:00:00 UTC 22,Togo,Madrid,PTCL00600283,PTCL006
7740,101086,Investigator,Irina,,,Kochergina,+7 (495) 152 19 82 fax,,,+7 49515235409675,,+7 (495) 152 35 40 work,,,,,,,,,,,,,,,,,,,,,,,,,,Sat May 09 00:00:00 UTC 22,Sat May 09 00:00:00 UTC 22,Taiwan,Assam,PTCL00600286,PTCL006
7741,101087,Investigator,Vladislav,Vladislav Kolynin,,Kolynin,,,,+7 812 949-41-87,,+7(812)5109321,,,+7(812)1131861,,,,,,,,,,,,,,,,,,,,,,,Sat May 09 00:00:00 UTC 22,Sat May 09 00:00:00 UTC 22,Jordan,BC,PTCL00600289,PTCL006
7742,101088,Investigator,Marina,,,,,,,7 903 752 21 86,,,,,,,,,,,,,,,,,,,,,,,,,,,,Sat May 09 00:00:00 UTC 22,Sat May 09 00:00:00 UTC 22,Guatemala,FL,PTCL00600292,PTCL006
7743,101089,Investigator,,,,Kondratyeva,+ 7 3822 51 35 38 fax,,,+7 3822513538329,,,,,,,,,,,,,,.Kondratyeva@gmail.com,,,,,,,,,,F,,,,Sat May 09 00:00:00 UTC 22,Sat May 09 00:00:00 UTC 22,Mozambique,WM,PTCL00600295,PTCL006
7744,10109,Investigator,John,John Balacko,,Balacko,+1 724-226-7421,,,,,+1 724-226-3345,,,,,,,,,,,,John.Balacko@gmail.com,,,Dr.,,,,,,,,,,,Sat May 09 00:00:00 UTC 22,Sat May 09 00:00:00 UTC 22,Holy See (Vatican City State),MA,PTCL00600298,PTCL006
7745,101090,Investigator,Tatyana,,,Maximenko,,,,+7 905 982-35-26,,,,,,,,,,,,,,Tatyana.Maximenko@gmail.com,,,,,,,,,,F,,,,Sat May 09 00:00:00 UTC 22,Sat May 09 00:00:00 UTC 22,Tonga,AN,PTCL006001,PTCL006
