Source_Id,MDM_CONTACT_ID,CONTACT_TYPE,FST_NAME,FULL_NAME,MID_NAME,LAST_NAME,FAX_PH_NUM1,FAX_PH_NUM2,FAX_PH_NUM3,PRIMARY_MOBILE_NUM,SECONDARY_MOBILE_NUM,WORK_PHONE1,WORK_PHONE2,WORK_PHONE3,HOME_PHONE,ETHNICITY_NAME,MARITAL_STATUS,BIRTH_DT,BIRTH_PLACE,CITIZENSHIP,EDUCATION_BCKGND,EDUCATION_YEARS,GRAD_YR,EMAIL_ADDRESS,ADDR_EFF_DATE,DECEASE_FLG,PER_TITLE,PER_TITLE_SUFFIX,JOB_TITLE,COMMENTS,PRIMARY_SPECIALTY,DEGREE,CERTIFICATION,GENDER,MANAGER_ID,CREATED_BY_ID,CHANGED_BY_ID,CREATED_ON_DT,CHANGED_ON_DT,Country,State,SITE_ID,STUDY_ID
4101,100242,Investigator,Christop,,,Langar,+7(812) 336 33 34 fax,,,+7 1233633339675,,+7 812 336 33 33 work,,,,,,2/14/1979,,,,,,Vladimire.Golovkin@gmail.com,,,Dr,,,,,,,,,,,Sat May 09 00:00:00 UTC 22,Sat May 09 00:00:00 UTC 22,Zimbabwe,Namen,PTCL00600202,ST1
4102,100243,Investigator,Eugeny,,,Osmanov,+7 495 324 98 29 fax,,,+7 495 324-98-29,,,,,,,,6/22/1945,,,,,,Eugeny.Osmanov@gmail.com,,,,,Heard of department of Haemoblastosis Chemotherapy,,,,,M,,,,Sat May 09 00:00:00 UTC 22,Sat May 09 00:00:00 UTC 22,Brunei,Hatay,PTCL00600205,ST2
46364,100243,Investigator,Eugeni,,,Osmanov,+7 495 324 98 29 fax,,,+7 495 324-98-29,,,,,,,,3/30/1970,,,,,,Eugeny.Osmanov@gmail.com,,,,,Heard of department of Haemoblastosis Chemotherapy,,,,,M,,,,Sat May 09 00:00:00 UTC 22,Sat May 09 00:00:00 UTC 22,Brunei,Hatay,PTCL00600205,ST3
40343,100243,Investigator,Eugeji,,,Osmanov,+7 495 324 98 29 fax,,,+7 495 324-98-29,,,,,,,,4/24/1986,,,,,,Eugeny.Osmanov@gmail.com,,,,,Heard of department of Haemoblastosis Chemotherapy,,,,,M,,,,Sat May 09 00:00:00 UTC 22,Sat May 09 00:00:00 UTC 22,Brunei,Hatay,PTCL00600205,ST4
4103,100244,Investigator,Azura,,,Deniele,60326925713 fax,,,60123026015,,,,,,,,3/24/1964,,,,,,,,,MD,,,,,,,,,,,Sat May 09 00:00:00 UTC 22,Sat May 09 00:00:00 UTC 22,Kenya,Stockholms län,PTCL00600208,ST5
4104,100245,Investigator,Azura,,,Danial,,,,+7 921 580-39-41,,,,,,,,4/1/1959,,,,,,Elena.Zherlitsin@gmail.com,,,,,,,,,,,,,,Sat May 09 00:00:00 UTC 22,Sat May 09 00:00:00 UTC 22,Virgin Islands  United States,Ist,PTCL00600211,ST6
4105,100246,Investigator,Lyudmila,,,Gudovannya,+7 3462 527324 fax,,,+7 346 252-71-29,,,,,,,,2/13/1986,,,,,,Lyudmila.Gudovannya@gmail.com,,,,,,,,,,F,,,,Sat May 09 00:00:00 UTC 22,Sat May 09 00:00:00 UTC 22,Iceland,Madrid,PTCL00600214,ST7
9099,100040,Investigator,Igop,,,Belenkil,,,,+7 997 583-16-10,,,,,,,,6/21/1941,,,,,,Igor.Belenkil@gmail.com,,,,,,,,,,M,,,,Sat May 09 00:00:00 UTC 22,Sat May 09 00:00:00 UTC 22,Saint Pierre and Miquelon,Wie,PTCL00300205,ST8
4106,100247,Investigator,Igol,,,Belenkig,,,,+53 99821819,,+ 7 812 592 37 02 work,,,,,,8/11/1951,,,,,,Tatyana.Davydenko@gmail.com,,,,,,,,,,,,,,Sat May 09 00:00:00 UTC 22,Sat May 09 00:00:00 UTC 22,Gambia,KY,PTCL00600217,ST5
4107,100248,Investigator,Tatiana,,,Davidinko,,,,+7 812 558-78-35,,+7 495 689 12 31 work,,,,,,12/31/1953,,,,,,Tatyana.Davydenko@gmail.com,,,,,,,,,,,,,,Sat May 09 00:00:00 UTC 22,Sat May 09 00:00:00 UTC 22,Iran,Rivers,PTCL00600220,ST10
4108,100249,Investigator,Vitaliy,,,Kovtun,,,,+380 50 757 9351,,,,,,,,3/31/1953,,,,,,Vitaliy.Kovtun@gmail.com,,,,,,,,,,,,,,Sat May 09 00:00:00 UTC 22,Sat May 09 00:00:00 UTC 22,Palestine  State of,Connacht,PTCL00600223,ST11
4109,10025,Investigator,H,H Corbeij,,Corbeij,,,,,,31765953873,,,,,,9/1/1960,,,,,,H.Corbeij@gmail.com,,,Dr.,,Sub-Investigator,,,,,,,,,Sat May 09 00:00:00 UTC 22,Sat May 09 00:00:00 UTC 22,Greenland,Pará,PTCL00600226,ST12
4110,100250,Research Nurse,Dorota,Dorota Mazur,,Mazur,48846773600,,,+48 602 189 994,,48846773603,,,,,,8/4/1984,,,,,,,,,Ms.,,Study Nurse,,,,,,,,,Sat May 09 00:00:00 UTC 22,Sat May 09 00:00:00 UTC 22,Tajikistan,Campania,PTCL00600229,ST13
4111,100251,Investigator,Tatyana,,,Polyakova,,,,+7 499 263-52-53,,,,,,,,6/6/1972,,,,,,Tatyana.Polyakova@gmail.com,,,,,,,,,,,,,,Sat May 09 00:00:00 UTC 22,Sat May 09 00:00:00 UTC 22,Saint Pierre and Miquelon,WB,PTCL00600232,ST14
4112,100252,Investigator,Olga,,,Korneeva,,,,+7 4956832708835329,,,,,,,,3/31/1994,,,,,,Olga.Korneeva@gmail.com,,,,,,,,,,,,,,Sat May 09 00:00:00 UTC 22,Sat May 09 00:00:00 UTC 22,Dominican Republic,Vlaams-Brabant,PTCL00600235,ST15
4113,100253,Investigator,Marina,,,Leonova,,,,+7 0952612308,,,,,,,,6/2/1969,,,,,,Marina.Leonova@gmail.com,,,,,Professor of Clinical Pharmacology,,,,,,,,,Sat May 09 00:00:00 UTC 22,Sat May 09 00:00:00 UTC 22,Mauritania,Ontario,PTCL00600238,ST16
4114,100254,Investigator,,Jos?Antonio M Abrantes,M,Abrantes,5332721652,,,+53 99821819,,5332783928,,,,,,8/29/1980,,,,,,.Jos?Antonio.Abrantes@gmail.com,,,Mr.,,Principal Investigator,,,,,,,,,Sat May 09 00:00:00 UTC 22,Sat May 09 00:00:00 UTC 22,Somalia,NSW,PTCL00600241,ST17
4115,100255,Investigator,Tatyana,,,Khlevchykz,,,,+7 916 341-01-08,,,,,,,,4/3/1949,,,,,,Tatyana.Khlevchykz@gmail.com,,,,,,,,,,,,,,Sat May 09 00:00:00 UTC 22,Sat May 09 00:00:00 UTC 22,Cape Verde,MA,PTCL00600244,ST10
4116,100256,Investigator,Natalia,,,Fedorova,fax +7 4232 41 00 46,,,+7 423 232-85-20,,,,,,,,7/15/1951,,,,,,Natalia.Fedorova@gmail.com,,,,,,,,,,F,,,,Sat May 09 00:00:00 UTC 22,Sat May 09 00:00:00 UTC 22,Guyana,New Brunswick,PTCL00600247,ST19
4117,100257,Investigator,Dmitriy,,,Skulyabin,+7 812 542 71 61 fax,,,+7 1254275159675,,+7 812 542 75 15 work,,,,,,5/6/1981,,,,,,Dmitriy.Skulyabin@gmail.com,,,,,,,,,,M,,,,Sat May 09 00:00:00 UTC 22,Sat May 09 00:00:00 UTC 22,French Guiana,Lazio,PTCL00600250,ST20
4118,100258,Investigator,Oksana,,,Pesotskayak,,,,7879302,,,,,,,,5/6/1991,,,,,,Oksana.Pesotskayak@gmail.com,,,,,,,,,,,,,,Sat May 09 00:00:00 UTC 22,Sat May 09 00:00:00 UTC 22,Luxembourg,Gaz,PTCL00600253,ST21
4119,100259,Investigator,Irina,,,Karolina,,,,+7 845 295-50-38,,,,,,,,8/20/1976,,,,,,Irina.Karolina@gmail.com,,,,,,,,,,F,,,,Sat May 09 00:00:00 UTC 22,Sat May 09 00:00:00 UTC 22,Cook Islands,RM,PTCL00600256,ST22
4120,10026,Investigator,Marvin,Marvin Allen,,Allen,18014180903,,,,,18018125022,,,,,,8/24/1971,,,,,,,,,Dr.,,Sub-Investigator,,,,,,,,,Sat May 09 00:00:00 UTC 22,Sat May 09 00:00:00 UTC 22,South Africa,OR,PTCL00600259,ST23
4121,100260,Investigator,Arshavir,,,Asatrian,,,,+7 918 825-34-77,,,,,,,,1/22/1940,,,,,,Arshavir.Asatrian@gmail.com,,,,,,,,,,,,,,Sat May 09 00:00:00 UTC 22,Sat May 09 00:00:00 UTC 22,China,Toscana,PTCL00600262,ST24
4122,100261,Investigator,,,,Nokhrina,,,,+7 343 240-44-13,,,,,,,,1/25/1945,,,,,,Galina.Nokhrina@gmail.com,,,MD,,,,,,,F,,,,Sat May 09 00:00:00 UTC 22,Sat May 09 00:00:00 UTC 22,Armenia,Emilia-Romagna,PTCL00600265,ST25
4123,100262,Investigator,Elena,,,Bezuglova,,,,+7 920 018-05-27,,,,,,,,5/12/1987,,,,,,Elena.Bezuglova@gmail.com,,,,,,,,,,F,,,,Sat May 09 00:00:00 UTC 22,Sat May 09 00:00:00 UTC 22,Qatar,South Island,PTCL00600268,ST26
4124,100263,Investigator,Natalia,,,,,,,+7 812 552-87-51,,,,,,,,1/29/1961,,,,,,N..atalia.Lokhovinina@gmail.com,,,,,senior research assistant of laboratory,,,,,F,,,,Sat May 09 00:00:00 UTC 22,Sat May 09 00:00:00 UTC 22,Latvia,SK,PTCL00600271,ST27
4125,100264,Investigator,Vladislav,,,Ryabukha,,,,80672990488,,,,,,,,9/7/1945,,,,,,Vladislav.Ryabukha@gmail.com,,,,,,,,,,,,,,Sat May 09 00:00:00 UTC 22,Sat May 09 00:00:00 UTC 22,South Africa,KN,PTCL00600274,ST28
4126,100265,Investigator,Lubov,,,Munina,,,,+7 49560144079675,,+7 495 601 44 07 work,,,,,,2/20/1943,,,,,,Lubov.Munina@gmail.com,,,,,,,,,,,,,,Sat May 09 00:00:00 UTC 22,Sat May 09 00:00:00 UTC 22,Djibouti,Lagos,PTCL00600277,ST29
4127,100266,Investigator,Ihori,,,Hospodarskyy,,,,,,,,,,,,5/31/1973,,,,,,Ihor.Hospodarskyy@gmail.com,,,,,,,,,,,,,,Sat May 09 00:00:00 UTC 22,Sat May 09 00:00:00 UTC 22,United States,Lubelskie,PTCL00600280,ST30
4128,100267,Investigator,Vladimir,,,Levshin,,,,323.56.44,,,,,,,,2/12/1959,,,,,,Vladimir.Levshin@gmail.com,,,,,,,,,,,,,,Sat May 09 00:00:00 UTC 22,Sat May 09 00:00:00 UTC 22,Togo,Madrid,PTCL00600283,ST31
4129,100268,Investigator,Milada,,,Golovko,+7 495 330 70 30 fax,,,+7 4953307030329,,,,,,,,2/10/1972,,,,,,,,,,,,,,,,,,,,Sat May 09 00:00:00 UTC 22,Sat May 09 00:00:00 UTC 22,Taiwan,Assam,PTCL00600286,ST32
4130,100269,Investigator,Tatiana,,,Poletaeva,+7 3952 24 04 67 fax,,,+7 395 224-04-67,,,,,,,,2/24/1971,,,,,,Tatiana.Poletaeva@gmail.com,,,,,,,,,,F,,,,Sat May 09 00:00:00 UTC 22,Sat May 09 00:00:00 UTC 22,Jordan,BC,PTCL00600289,ST33
4131,10027,Investigator,Otto Barnaby,Otto Barnaby Guillen,,Guillen,5116287163,,,,,5112242224,,,,,,2/20/1970,,,,,,Otto Barnaby.Guillen@gmail.com,,,Dr.,,Sub-Investigator,,,,,,,,,Sat May 09 00:00:00 UTC 22,Sat May 09 00:00:00 UTC 22,Guatemala,FL,PTCL00600292,ST34
4132,100270,Investigator,Tatiana,,,,+7 3432 46 49 34 fax,,,+7 34324639289675,,+7 3432 46 39 28 work,,,,,,6/3/1988,,,,,,Tatiana.Nikulina@gmail.com,,,MD,,,,,,,F,,,,Sat May 09 00:00:00 UTC 22,Sat May 09 00:00:00 UTC 22,Mozambique,WM,PTCL00600295,ST35
4133,100271,Investigator,,,,Zelkovsky,(017) 272.61.97 fax,,,(017) 272.47.74,,,,,,,,4/23/1972,,,,,,Urij.Zelkovsky@gmail.com,,,Dr.,,Head of ICU,,,,,,,,,Sat May 09 00:00:00 UTC 22,Sat May 09 00:00:00 UTC 22,Holy See (Vatican City State),MA,PTCL00600298,ST36
4134,100272,Investigator,Dmitry,,,Pushkar,+7 (495) 211 31 29 fax,,,+7 495 211-31-29,,,,,,,,5/20/1964,,,,,,Dmitry.Pushkar@gmail.com,,,prof.,,Principal Investigator,,,,,,,,,Sat May 09 00:00:00 UTC 22,Sat May 09 00:00:00 UTC 22,Tonga,AN,PTCL006001,ST37
4135,100273,Investigator,Valeria,,,Krasivska,,,,3.80E+11,,,,,,,,1/22/1964,,,,,,Valeria.Krasivska@gmail.com,,,,,,,,,,,,,,Sat May 09 00:00:00 UTC 22,Sat May 09 00:00:00 UTC 22,Niue,NSW,PTCL006004,ST38
4136,100274,Investigator,Tatyana,,,Beloborodova,,,,78632540766,,,,,,,,12/20/1941,,,,,,Tatyana.Beloborodova@gmail.com,,,,,,,,,,,,,,Sat May 09 00:00:00 UTC 22,Sat May 09 00:00:00 UTC 22,Grenada,OR,PTCL006007,ST39
4137,100275,Investigator,Galine,,,Milaschenko,,,,38(044)5409642,,,,,,,,11/22/1961,,,,,,Galina.Milaschenko@gmail.com,,,,,,,,,,,,,,Sat May 09 00:00:00 UTC 22,Sat May 09 00:00:00 UTC 22,Saint Vincent and The Grenadines,Tyrol,PTCL0060010,ST40
4138,100276,Investigator,Sergey,,,Moiseenko,,,,8921 909 91 47,,,,,,,,6/3/1971,,,,,,Sergey.Moiseenko@gmail.com,,,Prof,,,,,,,,,,,Sat May 09 00:00:00 UTC 22,Sat May 09 00:00:00 UTC 22,Sudan,Maine,PTCL0060013,ST41
4139,100277,Investigator,Lariya,,,Ryaboka,,,,+7 831686765,,,,,,,,7/18/1941,,,,,,.@Larisa.Ryabova@gmail.com,,,,,,,,,,F,,,,Sat May 09 00:00:00 UTC 22,Sat May 09 00:00:00 UTC 22,Aruba,Catalunya,PTCL0060016,ST42
4140,100278,Investigator,Stepan,,,Yakymets,,,,+380 3622317189675,,+38 0362 23 17 18 work,,,,,,8/6/1940,,,,,,Stepan.Yakymets@gmail.com,,,Dr.,,,,,,,,,,,Sat May 09 00:00:00 UTC 22,Sat May 09 00:00:00 UTC 22,Nauru,Wie,PTCL0060019,ST43
4141,100279,Investigator,Olga,,,,+7 4232 23 95 89 fax,,,+7 423 223-84-94,,,,,,,,6/12/1972,,,,,,Olga.??ygankova@gmail.com,,,,,,,,,,F,,,,Sat May 09 00:00:00 UTC 22,Sat May 09 00:00:00 UTC 22,Tonga,LU,PTCL0060022,ST44
4142,10028,Investigator,Tracy,Tracy Simpson,,Simpson,19416294987,,,,,19416295356,,,,,,4/16/1957,,,,,,Tracy.Simpson@gmail.com,,,Ms.,,Sub-Investigator,,,,,,,,,Sat May 09 00:00:00 UTC 22,Sat May 09 00:00:00 UTC 22,Iraq,PA,PTCL0060025,ST45
4143,100280,Investigator,Tatyana,,,Moiseeva,,,,+7 495 613-26-45,,,,,,,,11/15/1953,,,,,,Tatyana.Moiseeva@gmail.com,,,Md,,,,,,,,,,,Sat May 09 00:00:00 UTC 22,Sat May 09 00:00:00 UTC 22,San Marino,Connacht,PTCL0060028,ST46
4144,100281,Investigator,,,,Semenov,38 065 435 25 61 fax,,,38 065 435 05 06,,,,,,,,12/30/1946,,,,,,Valeriy.Semenov@gmail.com,,,,,Chief of the Lab of the Institute,,,,,,,,,Sat May 09 00:00:00 UTC 22,Sat May 09 00:00:00 UTC 22,Sao Tome and Principe,A,PTCL0060031,ST47
4145,100282,Investigator,Marina,,,Dudina,+7 495187 74 83 fax,,,+7 49518736749675,,+7 495 187 36 74 work,,,,,,10/5/1982,,,,,,Marina.Dudina@gmail.com,,,,,,,,,,,,,,Sat May 09 00:00:00 UTC 22,Sat May 09 00:00:00 UTC 22,Guatemala,West-Vlaanderen,PTCL0060034,ST48
4146,100283,Investigator,Viktor,,,Blazhko,38 057 775 15 51 fax,,,95 057 775 15 15,,,,,,,,10/18/1969,,,,,,Viktor.Blazhko@gmail.com,,,,,research associate of the Dep. of Pulmonology of the Institute,,,,,,,,,Sat May 09 00:00:00 UTC 22,Sat May 09 00:00:00 UTC 22,Saudi Arabia,MI,PTCL0060037,ST49
