Source_Id,MDM_CONTACT_ID,CONTACT_TYPE,FST_NAME,FULL_NAME,MID_NAME,LAST_NAME,FAX_PH_NUM1,FAX_PH_NUM2,FAX_PH_NUM3,PRIMARY_MOBILE_NUM,SECONDARY_MOBILE_NUM,WORK_PHONE1,WORK_PHONE2,GRAD_YR,EMAIL_ADDRESS,ADDR_EFF_DATE,DECEASE_FLG,PER_TITLE,PER_TITLE_SUFFIX,JOB_TITLE,COMMENTS,PRIMARY_SPECIALTY,DEGREE,CERTIFICATION,GENDER,MANAGER_ID,CREATED_BY_ID,CHANGED_BY_ID,CREATED_ON_DT,CHANGED_ON_DT,Country,State,SITE_ID,PROTOCOL_NUM
7176,100573,Investigator,Olga,,,Shagun,+7 3952 38 53 42 fax,,,+7 395 238-53-05,,,,,Olga.Shagun@gmail.com,,,,,,,,,,F,,,,Sat May 09 00:00:00 UTC 22,Sat May 09 00:00:00 UTC 22,Malawi,X,PTCL0060094,PTCL006
7177,100574,Investigator,Aleksey,,,Popov,+7 812 542 71 61 fax,,,+7 92174801502355,,+7 812 542 75 15 work,,,Aleksey.Popov@gmail.com,,,,,,,,,,M,,,,Sat May 09 00:00:00 UTC 22,Sat May 09 00:00:00 UTC 22,Eritrea,Zeeland,PTCL0060097,PTCL006
7178,100575,Investigator,Natalia,,,Egorova,,,,+7 0952612590,,,,,Natalia.Egorova@gmail.com,,,MD  PhD,,Professor assistent,,,,,,,,,Sat May 09 00:00:00 UTC 22,Sat May 09 00:00:00 UTC 22,Jordan,KN,PTCL00600100,PTCL006
7179,100576,Investigator,Irina,,,Vyazminova,,,,811-22-99200,,,,,Irina.Vyazminova@gmail.com,,,MD,,Expert in critical care,,,,,F,,,,Sat May 09 00:00:00 UTC 22,Sat May 09 00:00:00 UTC 22,United States,Bur,PTCL00600103,PTCL006
7180,100577,Investigator,Iuliia,,,Iudina,,,,066 954 8620,,,,,,,,,,,,,,,,,,,Sat May 09 00:00:00 UTC 22,Sat May 09 00:00:00 UTC 22,Liberia,Ontario,PTCL00600106,PTCL006
7181,100578,Investigator,Igor,,,Trifonov,,,,??????.: (495) 2632947 - ??????,,,,,Igor.Trifonov@gmail.com,,,,,,,,,,,,,,Sat May 09 00:00:00 UTC 22,Sat May 09 00:00:00 UTC 22,Ukraine,Limburg,PTCL00600109,PTCL006
7182,100579,Investigator,Igor,,,Shumskiy,,,,8 911 213 44 21,,,,,Igor.Shumskiy@gmail.com,,,,,,,,,,M,,,,Sat May 09 00:00:00 UTC 22,Sat May 09 00:00:00 UTC 22,Guernsey,Pennsylvania,PTCL00600112,PTCL006
7183,10058,Investigator,Hiroya,Hiroya Kawai,,Kawai,,,,,,81792933131,,,Hiroya.Kawai@gmail.com,,,Dr.,,Sub-Investigator,,,,,,,,,Sat May 09 00:00:00 UTC 22,Sat May 09 00:00:00 UTC 22,Iceland,Ma?opolskie,PTCL00600115,PTCL006
7184,100580,Investigator,Elena,,,Praslova,,,,7 (903) 761 67 24,,,,,,,,,,,,,,,,,,,Sat May 09 00:00:00 UTC 22,Sat May 09 00:00:00 UTC 22,Vanuatu,UP,PTCL00600118,PTCL006
7185,100581,Investigator,Tatiana,,,Zateevak,,,,8 961 98549588,,,,,Tatiana.Zateevak@gmail.com,,,,,,,,,,F,,,,Sat May 09 00:00:00 UTC 22,Sat May 09 00:00:00 UTC 22,Burundi,Zl,PTCL00600121,PTCL006
7186,100582,Investigator,Natali,,,Temnuk,,,,+380 3622317189675,,+38 0362 23 17 18 work,,,Natali.Temnuk@gmail.com,,,,,,,,,,,,,,Sat May 09 00:00:00 UTC 22,Sat May 09 00:00:00 UTC 22,Bahamas,Île-de-France,PTCL00600124,PTCL006
7187,100583,Investigator,Alla,,,Novozhenina,(269) 62.604 fax,,,(269) 669 51, 688 03,,,,Alla.Novozhenina@gmail.com,,,Dr.,,Head of Department,,,,,,,,,Sat May 09 00:00:00 UTC 22,Sat May 09 00:00:00 UTC 22,Hong Kong,Utah,PTCL00600127,PTCL006
7188,100584,Pharmacist,Marketa,Marketa Salabova,,,,,,+420 608 444 489,,4.20E+11,,,Marketa.@gmail.com,,,Dr.,,Pharmacist,,,,,,,,,Sat May 09 00:00:00 UTC 22,Sat May 09 00:00:00 UTC 22,Seychelles,ON,PTCL00600130,PTCL006
7189,100585,Investigator,Olga,,,Trushina,+7 3842 64 33 08 fax,,,+7 38426435819675,,+7 3842 64 35 81 work,,,Olga.Trushina@gmail.com,,,,,,,,,,F,,,,Sat May 09 00:00:00 UTC 22,Sat May 09 00:00:00 UTC 22,Saint Vincent and The Grenadines,Florida,PTCL00600133,PTCL006
7190,100586,Investigator,Natalie,,,Malakhova,,,,+7 495 252-93-96,,,,,Natalie.Malakhova@gmail.com,,,,,,,,,,,,,,Sat May 09 00:00:00 UTC 22,Sat May 09 00:00:00 UTC 22,Turkey,VII,PTCL00600136,PTCL006
7191,100587,Investigator,,,,Pogorelov,(375 0232) 457.561 fax,,,(0232)  456.187,458.785,,,,.Pogorelov@gmail.com,,,Dr.,,Head  of  Cardiological  Dispancer,,,,,,,,,Sat May 09 00:00:00 UTC 22,Sat May 09 00:00:00 UTC 22,Czech Republic,CAM,PTCL00600139,PTCL006
7192,100588,Investigator,Irina,,,Abalina&&,fax +7-846-956-15-16,,,+7 846 959-18-21,,,,,,,,,,,,,,,,,,,Sat May 09 00:00:00 UTC 22,Sat May 09 00:00:00 UTC 22,United States,BR,PTCL00600142,PTCL006
7193,100589,Investigator,Olek,,,Yakovlev,,,,+7 812 346-16-11,,,,,Olek.Yakovlev@gmail.com,,,Dr.,,,,,,,M,,,,Sat May 09 00:00:00 UTC 22,Sat May 09 00:00:00 UTC 22,Mauritius,Wie,PTCL00600145,PTCL006
7194,10059,Investigator,Mohammed,Mohammed R Habibzadeh,R,Habibzadeh,15206265181,,,,,15206265431,,,Mohammed.Habibzadeh@gmail.com,,,Dr.,,Sub-Investigator,,,,,,,,,Sat May 09 00:00:00 UTC 22,Sat May 09 00:00:00 UTC 22,Iraq,HH,PTCL00600148,PTCL006
7195,100590,Investigator,Ekaterina,,,,,,,6-69-51,,,,,Ekaterina.@gmail.com,,,Dr.,,cardiology,,,,,,,,,Sat May 09 00:00:00 UTC 22,Sat May 09 00:00:00 UTC 22,Iceland,Manitoba,PTCL00600151,PTCL006
7196,100591,Investigator,Ludmila,,,Bobrovskaya,,,,7.39E+14,,+7 3852 40 81 22 work,,,Ludmila.Bobrovskaya@gmail.com,,,,,,,,,,F,,,,Sat May 09 00:00:00 UTC 22,Sat May 09 00:00:00 UTC 22,Mauritania,X,PTCL00600154,PTCL006
7197,100592,Investigator,Lubov,,,Matkevich,+7 495 276 36 64 fax,,,+7 495 276-70-81,,,,,Lubov.Matkevich@gmail.com,,,,,,,,,,,,,,Sat May 09 00:00:00 UTC 22,Sat May 09 00:00:00 UTC 22,Wallis and Futuna,Berlin,PTCL00600157,PTCL006
7198,100593,Investigator,Alexandr,,,Sinopalnikov,,,,+7 495 263-53-74,,,,,Alexandr.Sinopalnikov@gmail.com,,,Prof,,,,,,,,,,,Sat May 09 00:00:00 UTC 22,Sat May 09 00:00:00 UTC 22,Papua New Guinea,Berlin,PTCL00600160,PTCL006
7199,100594,Investigator,Julian,,,Slipchik,,,,7(812) 596 10 85,,,,,,,,,,Nurse,,,,,F,,,,Sat May 09 00:00:00 UTC 22,Sat May 09 00:00:00 UTC 22,Monaco,Zeeland,PTCL00600163,PTCL006
7200,100595,Investigator,,,,Lapteval,,,,+7 916 055-71-66,,,,,.Lapteval@gmail.com,,,,,,,,,,,,,,Sat May 09 00:00:00 UTC 22,Sat May 09 00:00:00 UTC 22,Senegal,MA,PTCL00600166,PTCL006
7201,100596,Investigator,Irine,,,Orekhova,+7 4852 73 32 12 fax,,,+7 485 273-25-87,,,,,Irine.Orekhova@gmail.com,,,,,,,,,,F,,,,Sat May 09 00:00:00 UTC 22,Sat May 09 00:00:00 UTC 22,Zambia,Pembrokeshire,PTCL00600169,PTCL006
7202,100597,Investigator,Mikhail,,,Medvedev,,,,+7 812 327-43-82,,,,,Mikhail.Medvedev@gmail.com,,,Dr.,,Formed Head of Department - don't work here anymore,,,,,M,,,,Sat May 09 00:00:00 UTC 22,Sat May 09 00:00:00 UTC 22,Chad,Zachodniopomorskie,PTCL00600172,PTCL006
9034,1005975,Investigator,Mikhal,,,Medvedev,,,,+7 812 327-43-82,,,,,Mikhal.Medvedev@gmail.com,,,Dr.,,Formed Head of Department - don't work here anymore,,,,,M,,,,Sat May 09 00:00:00 UTC 22,Sat May 09 00:00:00 UTC 22,Chad,Zachodniopomorskie,PTCL00600172,PTCL006
7203,100598,Investigator,Elena,,,Kolmakova,,,,+7 911 745-63-08,,,,,,,,,,,,,,,,,,,Sat May 09 00:00:00 UTC 22,Sat May 09 00:00:00 UTC 22,Virgin Islands  United States,Louisiana,PTCL00600175,PTCL006
7204,100599,Investigator,Teresa,,,Gomez-Isla,,,,+34 935 56 59 86,,,,,Teresa.Gomez-Isla@gmail.com,,,,,,,,,,,,,,Sat May 09 00:00:00 UTC 22,Sat May 09 00:00:00 UTC 22,Singapore,AN,PTCL00600178,PTCL006
7205,10060,Investigator,Kimberly,Kimberly P Champney,P,Champney,16786796804,,,,,16786796800,,,Kimberly.Champney@gmail.com,,,Dr.,,Sub-Investigator,,,,,,,,,Sat May 09 00:00:00 UTC 22,Sat May 09 00:00:00 UTC 22,Uruguay,Vlaams-Brabant,PTCL00600181,PTCL006
7206,100600,Investigator,Anna,,,Simakova,,,,8-902-557-19-58,,,,,Anna.Simakova@gmail.com,,,,,,,,,,,,,,Sat May 09 00:00:00 UTC 22,Sat May 09 00:00:00 UTC 22,Nauru,Ist,PTCL00600184,PTCL006
7207,100601,Investigator,Ludmile,,,Blokhina,+7 495 113 0107 fax,,,+7 91612949522355,,+7 495 113 10 58 work,,,Ludmile.Blokhina@gmail.com,,,,,clinical physician,,,,,,,,,Sat May 09 00:00:00 UTC 22,Sat May 09 00:00:00 UTC 22,Palestine  State of,Limburg,PTCL00600187,PTCL006
7208,100602,Investigator,Alla,,,Lisyanskaya,7  (812) 3768917 tel/fax,,,7  (812) 3768917 tel/fax,,,,,Alla.Lisyanskaya@gmail.com,,,,,,,,,,F,,,,Sat May 09 00:00:00 UTC 22,Sat May 09 00:00:00 UTC 22,Hungary,NW,PTCL00600190,PTCL006
7209,100603,Investigator,Tatyana,,,Kirilenko,,,,+380 4324358139675,,+38 0432 43 58 13 work,,,Tatyana.Kirilenko@gmail.com,,,Dr.,,,,,,,,,,,Sat May 09 00:00:00 UTC 22,Sat May 09 00:00:00 UTC 22,Poland,Flintshire,PTCL00600193,PTCL006
7210,100604,Investigator,Natalia,,,Maslova,,,,+7 845 222-45-35,,,,,Natalia.Maslova@gmail.com,,,,,,,,,,F,,,,Sat May 09 00:00:00 UTC 22,Sat May 09 00:00:00 UTC 22,Azerbaijan,AB,PTCL00600196,PTCL006
7211,100605,Investigator,Elina,,,Komeliagina,,,,+7 903 711-16-38,,,,,Elina.Komeliagina@gmail.com,,,,,,,,,,,,,,Sat May 09 00:00:00 UTC 22,Sat May 09 00:00:00 UTC 22,Greece,Bihar,PTCL00600199,PTCL006
7212,100606,Investigator,Oksanak,,,Bogdanovich,,,,+7 487 248-49-57,,,,,Oksanak.Bogdanovich@gmail.com,,,,,,,,,,F,,,,Sat May 09 00:00:00 UTC 22,Sat May 09 00:00:00 UTC 22,Zimbabwe,Namen,PTCL00600202,PTCL006
7213,100607,Investigator,Natalia,,,Morozova,,,,+7 90350566602355,,+7 495 248 62 22 work,,,Natalia.Morozova@gmail.com,,,,,,,,,,,,,,Sat May 09 00:00:00 UTC 22,Sat May 09 00:00:00 UTC 22,Brunei,Hatay,PTCL00600205,PTCL006
7214,100608,Investigator,Ekaterina,,,Ermolaeva,,,,+7 499 614-44-45,,,,,Ekaterina.Ermolaeva@gmail.com,,,,,,,,,,,,,,Sat May 09 00:00:00 UTC 22,Sat May 09 00:00:00 UTC 22,Kenya,Stockholms län,PTCL00600208,PTCL006
7215,100609,Investigator,Natalya,,,Nenasheva,,,,+ 7??495??723 69 27 cell,,,,,Natalya.Nenasheva@gmail.com,,,MD,,,,,,,,,,,Sat May 09 00:00:00 UTC 22,Sat May 09 00:00:00 UTC 22,Virgin Islands  United States,Ist,PTCL00600211,PTCL006
7216,10061,Pharmacist,Tai,Tai Vu,,Vu,17137948885,,,,,17137948850,,,Tai.Vu@gmail.com,,,Mr.,,Pharmacist,,,,,,,,,Sat May 09 00:00:00 UTC 22,Sat May 09 00:00:00 UTC 22,Iceland,Madrid,PTCL00600214,PTCL006
7217,100610,Investigator,Natalya,,,Grigoryeva,+38 044 430 41 74 fax,,,+380 44 430 4174,,,,,,,,,,,,,,,,,,,Sat May 09 00:00:00 UTC 22,Sat May 09 00:00:00 UTC 22,Gambia,KY,PTCL00600217,PTCL006
7218,100611,Investigator,Teimurazk,,,Gogitidze,,,,+995 568 00 06 00,,,,,Teimurazk.Gogitidze@gmail.com,,,,,,,,,,,,,,Sat May 09 00:00:00 UTC 22,Sat May 09 00:00:00 UTC 22,Iran,Rivers,PTCL00600220,PTCL006
7219,100612,Investigator,Gleba,,,Alekseev,+7 843 291 11 66 fax,,,+7 4329111049675,,+7 843 291 11 04 work,,,Gleba.Alekseev@gmail.com,,,,,,,,,,M,,,,Sat May 09 00:00:00 UTC 22,Sat May 09 00:00:00 UTC 22,Palestine  State of,Connacht,PTCL00600223,PTCL006
7220,100613,Investigator,Elena,,,Strunina,,,,+380 97 596 9437,,,,,Elena.Strunina@gmail.com,,,,,,,,,,,,,,Sat May 09 00:00:00 UTC 22,Sat May 09 00:00:00 UTC 22,Greenland,Pará,PTCL00600226,PTCL006
7221,100614,Investigator,Svetlana,,,Moiseevak,,,,+7 812 709-60-93,,,,,Svetlana.Moiseevak@gmail.com,,,Nurse,,Senior Nurse of Cardiological Department,,,,,,,,,Sat May 09 00:00:00 UTC 22,Sat May 09 00:00:00 UTC 22,Tajikistan,Campania,PTCL00600229,PTCL006
7222,100615,Investigator,Mariya,,,Lozynska,+380322256012 (fax),,,+380 67 420 4434,,,,,Mariya.Lozynska@gmail.com,,,,,,,,,,,,,,Sat May 09 00:00:00 UTC 22,Sat May 09 00:00:00 UTC 22,Saint Pierre and Miquelon,WB,PTCL00600232,PTCL006
7223,100616,Investigator,Sergei,,,Ognerubov,,,,+7 47323183569675,,+7 4732 318 356 work,,,Sergei.Ognerubov@gmail.com,,,,,,,,,,M,,,,Sat May 09 00:00:00 UTC 22,Sat May 09 00:00:00 UTC 22,Dominican Republic,Vlaams-Brabant,PTCL00600235,PTCL006
7224,100617,Investigator,Galinak,,,Sukhova,,,,+7 49595215629675,,+7 495 952 15 62 work,,,Galinak.Sukhova@gmail.com,,,,,,,,,,,,,,Sat May 09 00:00:00 UTC 22,Sat May 09 00:00:00 UTC 22,Mauritania,Ontario,PTCL00600238,PTCL006
7225,100618,Investigator,Aleksandr,,,Shutkin,,,,+7 343 341-76-07,,,,,Aleksandr.Shutkin@gmail.com,,,,,Head of Pulmonology Department,,,,,M,,,,Sat May 09 00:00:00 UTC 22,Sat May 09 00:00:00 UTC 22,Somalia,NSW,PTCL00600241,PTCL006
7226,100619,Investigator,Konstantin,,,Malykh,,,,+7 383 232-24-36,,,,,Konstantin.Malykh@gmail.com,,,,,cardiologist,,,,,,,,,Sat May 09 00:00:00 UTC 22,Sat May 09 00:00:00 UTC 22,Cape Verde,MA,PTCL00600244,PTCL006
7227,10062,Investigator,Shinji,Shinji Tayama,,Tayama,,,,,,81965327111,,,Shinji.Tayama@gmail.com,,,Dr.,,Sub-Investigator,,,,,,,,,Sat May 09 00:00:00 UTC 22,Sat May 09 00:00:00 UTC 22,Guyana,New Brunswick,PTCL00600247,PTCL006
7228,100620,Investigator,Irine,,,Klenina,,,,+7 812 265-28-41,,,,,Irine.Klenina@gmail.com,,,Dr.,,Department Head,,,,,,,,,Sat May 09 00:00:00 UTC 22,Sat May 09 00:00:00 UTC 22,French Guiana,Lazio,PTCL00600250,PTCL006
7224,999999,Investigator,andy,,,murray,,,,+7 49595215629675,,+7 495 952 15 62 work,,,andy.murray@gmail.com,,,,,,,,,,,,,,Sat May 09 00:00:00 UTC 22,Sat May 09 00:00:00 UTC 22,Mauritania,Ontario,PTCL00600238,PTCL006
7225,8888888,Investigator,roger,,,federer,,,,7343341760,,,,,roger.federer@gmail.com,,,,,Head of Pulmonology Department,,,,,M,,,,Sat May 09 00:00:00 UTC 22,Sat May 09 00:00:00 UTC 22,Somalia,NSW,PTCL00600241,PTCL006
7226,7777777,Investigator,novak,,,djokovic,,,,+7 383 232-24-36,,,,,novak.djokovic@gmail.com,,,,,cardiologist,,,,,,,,,Sat May 09 00:00:00 UTC 22,Sat May 09 00:00:00 UTC 22,Cape Verde,MA,PTCL00600244,PTCL006
7227,6666666,Investigator,rafael,Shinji Tayama,,nadal,,,,,,81965327111,,,rafael.nadal@gmail.com,,,Dr.,,Sub-Investigator,,,,,,,,,Sat May 09 00:00:00 UTC 22,Sat May 09 00:00:00 UTC 22,Guyana,New Brunswick,PTCL00600247,PTCL006
7228,555555,Investigator,david,,,beckham,,,,+7 812 265-28-41,,,,,david.beckham@gmail.com,,,Dr.,,Department Head,,,,,,,,,Sat May 09 00:00:00 UTC 22,Sat May 09 00:00:00 UTC 22,French Guiana,Lazio,PTCL00600250,PTCL006
9989,14412,Investigator,Karyn,,,Boundy,,,,,,,,,Karyn.Boundy@gmail.com,,,,,,,,,,,,,,Sat May 09 00:00:00 UTC 22,Sat May 09 00:00:00 UTC 22,Poland,Flintshire,PTCL00600193,PTCL006
9990,14413,Investigator,Kiyoshi,Kiyoshi Hibi,,Hibi,,,,,,+81 45 261 5656,,,Kiyoshi.Hibi@gmail.com,,,,,Sub-Investigator,,,,,,,,,Sat May 09 00:00:00 UTC 22,Sat May 09 00:00:00 UTC 22,Azerbaijan,AB,PTCL00600196,PTCL006
9991,14414,Investigator,Katsuaki,Katsuaki Asano,,Asano,,,,,,81797882200,,,Katsuaki.Asano@gmail.com,,,Dr.,,Sub-Investigator,,,,,,,,,Sat May 09 00:00:00 UTC 22,Sat May 09 00:00:00 UTC 22,Greece,Bihar,PTCL00600199,PTCL006
9992,14415,Investigator,Barry,Barry A Effron,A,Effron,12168443740,,,,,19999999999,,,Barry.Effron@gmail.com,,,Dr.,,Sub-Investigator,,,,,,,,,Sat May 09 00:00:00 UTC 22,Sat May 09 00:00:00 UTC 22,Zimbabwe,Namen,PTCL00600202,PTCL006
9993,14416,Investigator,Farida,,,Mukhametishina,,,,,,,,,Farida.Mukhametishina@gmail.com,,,MD,,,,,,,,,,,Sat May 09 00:00:00 UTC 22,Sat May 09 00:00:00 UTC 22,Brunei,Hatay,PTCL00600205,PTCL006
9994,14417,Investigator,Rachid,Rachid R Macwar,R,Macwar,13096924730,,,342344234,,13096914410,,,Rachid.Macwar@gmail.com,,,Dr.,,Sub-Investigator,,,,,,,,,Sat May 09 00:00:00 UTC 22,Sat May 09 00:00:00 UTC 22,Kenya,Stockholms län,PTCL00600208,PTCL006
9995,14418,Study Coordinator,Mary Jane,Mary Jane Bacolor,,Bacolor,+1 416 386 0458,,,+6575676,,+1 416 386 9761,,,Mary Jane.Bacolor@gmail.com,,,,,,,,,,,,,,Sat May 09 00:00:00 UTC 22,Sat May 09 00:00:00 UTC 22,Virgin Islands  United States,Ist,PTCL00600211,PTCL006
9996,14419,Investigator,Veronika,Veronika Sarosi,,Sarosi,3672511250,,,,,36304470191,,,Veronika.Sarosi@gmail.com,,,Dr.,,,,,,,,,,,Sat May 09 00:00:00 UTC 22,Sat May 09 00:00:00 UTC 22,Iceland,Madrid,PTCL00600214,PTCL006
9997,14420,Investigator,Yusuke,Yusuke Sugi,,Sugi,,,,4567,,-8454,,,Yusuke.Sugi@gmail.com,,,,,Sub-Investigator,,,,,,,,,Sat May 09 00:00:00 UTC 22,Sat May 09 00:00:00 UTC 22,Gambia,KY,PTCL00600217,PTCL006
9998,14421,Investigator,Olga,Olga Y Kopaneva,Y,Kopaneva,,,,,,,,,Olga.Kopaneva@gmail.com,,,,,,,,,,,,,,Sat May 09 00:00:00 UTC 22,Sat May 09 00:00:00 UTC 22,Iran,Rivers,PTCL00600220,PTCL006
9999,14422,Research Nurse,Sheryll,Sheryll Sorensen,,Sorensen,12505955367,,,,,12505951884,,,,,,Ms.,,Study Nurse,,,,,,,,,Sat May 09 00:00:00 UTC 22,Sat May 09 00:00:00 UTC 22,Palestine  State of,Connacht,PTCL00600223,PTCL006
10000,14423,Investigator,Mary,Mary MacDonald,,MacDonald,12082825701,,,78125453253,,12082825797,,,Mary.MacDonald@gmail.com,,,Ms.,,Sub-Investigator,,,,,,,,,Sat May 09 00:00:00 UTC 22,Sat May 09 00:00:00 UTC 22,Greenland,Pará,PTCL00600226,PTCL006
10001,14424,Investigator,Hiresh,Hiresh Maharaj,,Maharaj,,,,,,27313272665,,,Hiresh.Maharaj@gmail.com,,,Dr.,,Sub-Investigator,,,,,,,,,Sat May 09 00:00:00 UTC 22,Sat May 09 00:00:00 UTC 22,Tajikistan,Campania,PTCL00600229,PTCL006
10002,14425,Study Coordinator,Jessica,Jessica Laliberte,,Laliberte,14509755048,,,31134655427,,1.45E+15,,,Jessica.Laliberte@gmail.com,,,Ms.,,Study Coordinator,,,,,,,,,Sat May 09 00:00:00 UTC 22,Sat May 09 00:00:00 UTC 22,Saint Pierre and Miquelon,WB,PTCL00600232,PTCL006
10003,14426,Investigator,Masahiko,Masahiko Umei,,Umei,,,,,,81354756112,,,Masahiko.Umei@gmail.com,,,Dr.,,Sub-Investigator,,,,,,,,,Sat May 09 00:00:00 UTC 22,Sat May 09 00:00:00 UTC 22,Dominican Republic,Vlaams-Brabant,PTCL00600235,PTCL006
10004,14427,Investigator,Fernando,Fernando Ganem,,Ganem,5.51E+11,,,13154649077,,5.51E+11,,,Fernando.Ganem@gmail.com,,,Dr.,,Sub-Investigator,,,,,,,,,Sat May 09 00:00:00 UTC 22,Sat May 09 00:00:00 UTC 22,Mauritania,Ontario,PTCL00600238,PTCL006
10005,14428,Investigator,Merono,Merono Oona,,Oona,,,,31102585057,,,,,Merono.Oona@gmail.com,,,,,Sub-Investigator,,,,,,,,,Sat May 09 00:00:00 UTC 22,Sat May 09 00:00:00 UTC 22,Somalia,NSW,PTCL00600241,PTCL006
10006,14429,Investigator,Stephen,Stephen Cohen,,Cohen,,,,16132838582,,404-680-9898,,,Stephen.Cohen@gmail.com,,,Dr.,,,,,,,,,,,Sat May 09 00:00:00 UTC 22,Sat May 09 00:00:00 UTC 22,Cape Verde,MA,PTCL00600244,PTCL006
10007,14430,Investigator,Masatomo,Masatomo Suzuki,,Suzuki,,,,4.21E+11,,+81 776 54 5660,,,Masatomo.Suzuki@gmail.com,,,,,Sub-Investigator,,,,,,,,,Sat May 09 00:00:00 UTC 22,Sat May 09 00:00:00 UTC 22,Guyana,New Brunswick,PTCL00600247,PTCL006
10008,14431,Investigator,Abby,Abby W Whitaker,W,Whitaker,19372776940,,,14323373117,,19372768784,,,Abby.Whitaker@gmail.com,,,Ms.,,Sub-Investigator,,,,,,,,,Sat May 09 00:00:00 UTC 22,Sat May 09 00:00:00 UTC 22,French Guiana,Lazio,PTCL00600250,PTCL006
10009,14432,Investigator,Maria,Maria Kolesnichenko,,Kolesnichenko,78125453253,,,+81 885 32 6350,,78125453253,,,Maria.Kolesnichenko@gmail.com,,,Dr.,,Sub-Investigator,,,,,,,,,Sat May 09 00:00:00 UTC 22,Sat May 09 00:00:00 UTC 22,Mauritania,Ontario,PTCL00600238,PTCL006
10010,14433,Investigator,Irina,,,Kirillova,,,,5.24E+11,,,,,Irina.Kirillova@gmail.com,,,MD,,Physician,,,,,,,,,Sat May 09 00:00:00 UTC 22,Sat May 09 00:00:00 UTC 22,Somalia,NSW,PTCL00600241,PTCL006
10011,14434,Investigator,M.,M. Ozmen,,Ozmen,,,,,,31134655427,,,M..Ozmen@gmail.com,,,Dr.,,Sub-Investigator,,,,,,,,,Sat May 09 00:00:00 UTC 22,Sat May 09 00:00:00 UTC 22,Cape Verde,MA,PTCL00600244,PTCL006
10012,14435,Investigator,Oleksandr,,,Fofanov,,,,17877222915,,,,,Oleksandr.Fofanov@gmail.com,,,Ass. Prof.,,,,,,,,,,,Sat May 09 00:00:00 UTC 22,Sat May 09 00:00:00 UTC 22,Guyana,New Brunswick,PTCL00600247,PTCL006
10013,14436,Research Nurse,Norman,Norman Starkweather,,Starkweather,,,,19046210390,,13154649077,,,Norman.Starkweather@gmail.com,,,Mr.,,Study Nurse,,,,,,,,,Sat May 09 00:00:00 UTC 22,Sat May 09 00:00:00 UTC 22,Poland,Flintshire,PTCL00600193,PTCL006
10014,14437,Investigator,B.J.,B.J. van den Berg,,van den Berg,31104422324,,,18632931191,,31102585057,,,B.J..van den Berg@gmail.com,,,Dr.,,Principal Investigator,,,,,,,,,Sat May 09 00:00:00 UTC 22,Sat May 09 00:00:00 UTC 22,Azerbaijan,AB,PTCL00600196,PTCL006
10015,14438,Study Coordinator,Deborah,Deborah MacNair,,MacNair,,,,7 83 14 328 803,,16132838582,,,,,,,,Study Coordinator,,,,,,,,,Sat May 09 00:00:00 UTC 22,Sat May 09 00:00:00 UTC 22,Greece,Bihar,PTCL00600199,PTCL006
10016,14439,Investigator,Svetlana,Svetlana Brychtova,,Brychtova,,,,5.52E+11,,4.21E+11,,,Svetlana.Brychtova@gmail.com,,,Dr.,,Sub-Investigator,,,,,,,,,Sat May 09 00:00:00 UTC 22,Sat May 09 00:00:00 UTC 22,Zimbabwe,Namen,PTCL00600202,PTCL006
10017,14440,Investigator,Ravikumar,Ravikumar P Vemuru,P,Vemuru,14323373448,,,1.21E+13,,14323373117,,,Ravikumar.Vemuru@gmail.com,,,Dr.,,Sub-Investigator,,,,,,,,,Sat May 09 00:00:00 UTC 22,Sat May 09 00:00:00 UTC 22,Brunei,Hatay,PTCL00600205,PTCL006
10018,14441,Investigator,Mitsuhiro,Mitsuhiro Kunimoto,,Kunimoto,,,,,,+81 885 32 6350,,,Mitsuhiro.Kunimoto@gmail.com,,,,,Sub-Investigator,,,,,,,,,Sat May 09 00:00:00 UTC 22,Sat May 09 00:00:00 UTC 22,Kenya,Stockholms län,PTCL00600208,PTCL006
10019,14442,Investigator,Karla Veronica,Karla Veronica Cardenas Mej?,,Cardenas Mej?,5.24E+11,,,,,5.24E+11,,,Karla Veronica.Cardenas Mej?@gmail.com,,,Dr.,,Sub-Investigator,,,,,,,,,Sat May 09 00:00:00 UTC 22,Sat May 09 00:00:00 UTC 22,Virgin Islands  United States,Ist,PTCL00600211,PTCL006
10020,14443,Investigator,Natalia,,,Belyaeva,,,,,,,,,Natalia.Belyaeva@gmail.com,,,,,,,,,,,,,,Sat May 09 00:00:00 UTC 22,Sat May 09 00:00:00 UTC 22,Iceland,Madrid,PTCL00600214,PTCL006
10021,14444,Investigator,Carmen,Carmen Rocio Rodriguez,,Rocio Rodriguez,,,,,,17877222915,,,Carmen.Rocio Rodriguez@gmail.com,,,Dr.,,Sub-Investigator,,,,,,,,,Sat May 09 00:00:00 UTC 22,Sat May 09 00:00:00 UTC 22,Gambia,KY,PTCL00600217,PTCL006
10022,14445,Investigator,John,John M Flinchbaugh,M,Flinchbaugh,19046210395,,,,,19046210390,,,John.Flinchbaugh@gmail.com,,,Dr.,,Sub-Investigator,,,,,,,,,Sat May 09 00:00:00 UTC 22,Sat May 09 00:00:00 UTC 22,Iran,Rivers,PTCL00600220,PTCL006
10023,14446,Investigator,Cheryl,Cheryl Moore,,Moore,18635082256,,,,,18632931191,,,Cheryl.Moore@gmail.com,,,Ms.,,Sub-Investigator,,,,,,,,,Sat May 09 00:00:00 UTC 22,Sat May 09 00:00:00 UTC 22,Palestine  State of,Connacht,PTCL00600223,PTCL006
10024,14447,Investigator,Olga,Olga Samoylova,,Samoylova,7 83 14 328 803,,,,,7 83 14 328 803,,,,,,,,,,,,,,,,,Sat May 09 00:00:00 UTC 22,Sat May 09 00:00:00 UTC 22,Greenland,Pará,PTCL00600226,PTCL006
10025,14448,Investigator,Alexandre,Alexandre A Ribeiro,A,Ribeiro,,,,,,5.52E+11,,,Alexandre.Ribeiro@gmail.com,,,Dr.,,Sub-Investigator,,,,,,,,,Sat May 09 00:00:00 UTC 22,Sat May 09 00:00:00 UTC 22,Tajikistan,Campania,PTCL00600229,PTCL006
10026,14449,Investigator,Douglas,Douglas Denham,,Denham,12109490181,,,,,1.21E+13,,,Douglas.Denham@gmail.com,,,Dr.,,Principal Investigator,,,,,,,,,Sat May 09 00:00:00 UTC 22,Sat May 09 00:00:00 UTC 22,Saint Pierre and Miquelon,WB,PTCL00600232,PTCL006
