Source_Id,MDM_CONTACT_ID,CONTACT_TYPE,FST_NAME,FULL_NAME,MID_NAME,LAST_NAME,FAX_PH_NUM1,FAX_PH_NUM2,FAX_PH_NUM3,PRIMARY_MOBILE_NUM,SECONDARY_MOBILE_NUM,WORK_PHONE1,EMAIL_ADDRESS,ADDR_EFF_DATE,DECEASE_FLG,PER_TITLE,PER_TITLE_SUFFIX,JOB_TITLE,COMMENTS,PRIMARY_SPECIALTY,DEGREE,CERTIFICATION,GENDER,MANAGER_ID,CREATED_BY_ID,CHANGED_BY_ID,CREATED_ON_DT,CHANGED_ON_DT,Country,State,SITE_ID,PROTOCOL_NUM
4210,100341,Investigator,Volodymyr,,,Kolesnik,,,,8 050 651 5291,,,Volodymyr.Kolesnik@gmail.com,,,A,,,,,,,,,,,Sat May 09 00:00:00 UTC 22,Sat May 09 00:00:00 UTC 22,Tajikistan,Campania,PTCL00600229,PTCL006
4211,100342,Research Nurse,Chinthamoney,Chinthamoney Govender,,Govender,27312075501,,,+27 82 896 6725,,27312075500,Chinthamoney.Govender@gmail.com,,,Ms.,,Study Nurse,,,,,,,,,Sat May 09 00:00:00 UTC 22,Sat May 09 00:00:00 UTC 22,Saint Pierre and Miquelon,WB,PTCL00600232,PTCL006
4212,100343,Investigator,Olena,,,Galiutina,,,,3.80E+11,,,Olena.Galiutina@gmail.com,,,,,,,,,,,,,,Sat May 09 00:00:00 UTC 22,Sat May 09 00:00:00 UTC 22,Dominican Republic,Vlaams-Brabant,PTCL00600235,PTCL006
4213,100344,Investigator,Olga,,,Orlova,,,,+7??921 333 23 11 cell,,,Olga.Orlova@gmail.com,,,Dr.,,Obstetrician-gynecologist,,,,,,,,,Sat May 09 00:00:00 UTC 22,Sat May 09 00:00:00 UTC 22,Mauritania,Ontario,PTCL00600238,PTCL006
4214,100345,Investigator,Olge,,,Korlova,,,,7 4912 98 00 00,,,Olga.orlova@gmail.com,,,,,,,,,,,,,,Sat May 09 00:00:00 UTC 22,Sat May 09 00:00:00 UTC 22,Somalia,NSW,PTCL00600241,PTCL006
4215,100346,Investigator,Nina,,,Shnaider,+ 7 3822 51 35 38 fax,,,+7 382 253-01-27,,,Nina.Shnaider@gmail.com,,,,,,,,,,F,,,,Sat May 09 00:00:00 UTC 22,Sat May 09 00:00:00 UTC 22,Cape Verde,MA,PTCL00600244,PTCL006
4216,100347,Investigator,Svetlana V.,,,Kolycheva,,,,+7 0952614960,,,Svetlana V..Kolycheva@gmail.com,,,MD,,Cardiologist of Center for Atherosclerosis,,,,,,,,,Sat May 09 00:00:00 UTC 22,Sat May 09 00:00:00 UTC 22,Guyana,New Brunswick,PTCL00600247,PTCL006
4217,100348,Investigator,Mykhaylo,,,Reyko,+38 044 249 70 41 fax,,,+380 5018716682355,,+38 044 249 70 41 work,Mykhaylo.Reyko@gmail.com,,,,,Dr.,,,,,,,,,Sat May 09 00:00:00 UTC 22,Sat May 09 00:00:00 UTC 22,French Guiana,Lazio,PTCL00600250,PTCL006
4218,100349,Investigator,Eduard,,,Zelechjonock,,,,+7 812 756-98-55,,,Eduard.Zelechjonock@gmail.com,,,Dr.,,Department  of Anaestesiology and   Reanimatology Chief,,,,,,,,,Sat May 09 00:00:00 UTC 22,Sat May 09 00:00:00 UTC 22,Luxembourg,Gaz,PTCL00600253,PTCL006
4219,10035,Investigator,JACQUES,,,TOUCHON,,,,,,,JACQUES.TOUCHON@gmail.com,,,,,,,,,,,,,,Sat May 09 00:00:00 UTC 22,Sat May 09 00:00:00 UTC 22,Cook Islands,RM,PTCL00600256,PTCL006
4220,100350,Investigator,Semen,,,Ter-Vartanian,+38 (044) 255 15 18 fax,,,+380 44 599 4871,,,,,,,,,,,,,,,,,Sat May 09 00:00:00 UTC 22,Sat May 09 00:00:00 UTC 22,South Africa,OR,PTCL00600259,PTCL006
4221,100351,Investigator,Valentin,,,Moiseev,,,,+7 499 135-91-77,,,,,,Prof.,,,,,,,M,,,,Sat May 09 00:00:00 UTC 22,Sat May 09 00:00:00 UTC 22,China,Toscana,PTCL00600262,PTCL006
4222,100352,Investigator,Igory,,,Khalif,,,,74991999558,,,,,,,,,,,,,,,,,Sat May 09 00:00:00 UTC 22,Sat May 09 00:00:00 UTC 22,Armenia,Emilia-Romagna,PTCL00600265,PTCL006
4223,100353,Investigator,Elena,,,Panteleeva,,,,+7 49549024109675,,+7 495 490 24 10 work,Elena.Panteleeva@gmail.com,,,,,,,,,,,,,,Sat May 09 00:00:00 UTC 22,Sat May 09 00:00:00 UTC 22,Qatar,South Island,PTCL00600268,PTCL006
4224,100354,Investigator,Irinak,,,Shepetkov,,,,3.81E+11,,,Irina.Shepetko@gmail.com,,,,,Head of Department,,,,,,,,,Sat May 09 00:00:00 UTC 22,Sat May 09 00:00:00 UTC 22,Latvia,SK,PTCL00600271,PTCL006
