Source_Id,MDM_CONTACT_ID,CONTACT_TYPE,FST_NAME,FULL_NAME,MID_NAME,LAST_NAME,FAX_PH_NUM1,FAX_PH_NUM2,FAX_PH_NUM3,PRIMARY_MOBILE_NUM,SECONDARY_MOBILE_NUM,WORK_PHONE1,WORK_PHONE2,WORK_PHONE3,HOME_PHONE,ETHNICITY_NAME,MARITAL_STATUS,BIRTH_DT,BIRTH_PLACE,CITIZENSHIP,EDUCATION_BCKGND,EDUCATION_YEARS,GRAD_YR,EMAIL_ADDRESS,ADDR_EFF_DATE,DECEASE_FLG,PER_TITLE,PER_TITLE_SUFFIX,JOB_TITLE,COMMENTS,PRIMARY_SPECIALTY,DEGREE,CERTIFICATION,GENDER,MANAGER_ID,CREATED_BY_ID,CHANGED_BY_ID,CREATED_ON_DT,CHANGED_ON_DT,Country,State,SITE_ID,PROTOCOL_NUM
7724,101071,Investigator,Nikolay,,,Vaulin,,,,+7 495 263-24-53,,,,,,,,,,,,,,Nikolay.Vaulin@gmail.com,,,,,,,,,,,,,,Sat May 09 00:00:00 UTC 22,Sat May 09 00:00:00 UTC 22,Mauritania,Ontario,PTCL00600238,PTCL006
7725,101072,Investigator,Vera,,,Balykina,,,,+7 916 494-63-59,,,,,,,,,,,,,,Vera.Balykina@gmail.com,,,,,,,,,,F,,,,Sat May 09 00:00:00 UTC 22,Sat May 09 00:00:00 UTC 22,Somalia,NSW,PTCL00600241,PTCL006
7726,101073,Investigator,Mykhailo,,,Shymon,,,,3.80E+11,,,,,,,,,,,,,,Mykhailo.Shymon@gmail.com,,,,,,,,,,,,,,Sat May 09 00:00:00 UTC 22,Sat May 09 00:00:00 UTC 22,Cape Verde,MA,PTCL00600244,PTCL006
7727,101074,Investigator,Natalia,,,Tymochko,,,,38(0342)525137,,,,,,,,,,,,,,Natalia.Tymochko@gmail.com,,,,,,,,,,,,,,Sat May 09 00:00:00 UTC 22,Sat May 09 00:00:00 UTC 22,Guyana,New Brunswick,PTCL00600247,PTCL006
7728,101075,BioClinica,Barbara,Barbara Hawkyard,,Hawkyard,,,,1,,+1 484 928-6000,,,1,,,,,,,,,Barbara.Hawkyard@gmail.com,,,,,,,,,,,,,,Sat May 09 00:00:00 UTC 22,Sat May 09 00:00:00 UTC 22,French Guiana,Lazio,PTCL00600250,PTCL006
7729,101076,Investigator,Vladimir,,,Vinokurov,,,,+7 812 962-83-42,,,,,,,,,,,,,,Vladimir.Vinokurov@gmail.com,,,,,,,,,,M,,,,Sat May 09 00:00:00 UTC 22,Sat May 09 00:00:00 UTC 22,Luxembourg,Gaz,PTCL00600253,PTCL006
7730,101077,Investigator,Aleksandr,,,Smirnov,,,,+7 831 238-93-38,,,,,,,,,,,,,,,,,,,,,,,,M,,,,Sat May 09 00:00:00 UTC 22,Sat May 09 00:00:00 UTC 22,Cook Islands,RM,PTCL00600256,PTCL006
7731,101078,Investigator,Oksana,,,Novikov,,,,7.91E+14,,,,,,,,,,,,,,,,,,,Obstetrician-gynecologist,,,,,F,,,,Sat May 09 00:00:00 UTC 22,Sat May 09 00:00:00 UTC 22,South Africa,OR,PTCL00600259,PTCL006
7732,101079,Investigator,Larisa,,,Vasyuk,,,,+7 846 930-78-30,,,,,,,,,,,,,,,,,,,,,,,,F,,,,Sat May 09 00:00:00 UTC 22,Sat May 09 00:00:00 UTC 22,China,Toscana,PTCL00600262,PTCL006
7733,10108,Investigator,Snezana,Snezana Novkovic,,Novkovic,,,,,,,,,,,,,,,,,,Snezana.Novkovic@gmail.com,,,Dr.,,Principal Investigator,,,,,,,,,Sat May 09 00:00:00 UTC 22,Sat May 09 00:00:00 UTC 22,Armenia,Emilia-Romagna,PTCL00600265,PTCL006
7734,101080,Investigator,Ulia,,,Yankevich,,,,+7 921 957-19-07,,,,,,,,,,,,,,Ulia.Yankevich@gmail.com,,,,,obstetrician-gynecologist, head of maternity ward at maternity hospital,,,,,,,,,Sat May 09 00:00:00 UTC 22,Qatar,South Island,PTCL00600268,PTCL006
7735,101081,Investigator,Lilie,,,Nikiforova,,,,469482,,,,,,,,,,,,,,Lilie.Nikiforova@gmail.com,,,MD,,Head of Department,,,,,F,,,,Sat May 09 00:00:00 UTC 22,Sat May 09 00:00:00 UTC 22,Latvia,SK,PTCL00600271,PTCL006
