Source_Id,MDM_CONTACT_ID,CONTACT_TYPE,FST_NAME,FULL_NAME,MID_NAME,LAST_NAME,FAX_PH_NUM1,FAX_PH_NUM2,FAX_PH_NUM3,PRIMARY_MOBILE_NUM,SECONDARY_MOBILE_NUM,WORK_PHONE1,WORK_PHONE2,WORK_PHONE3,HOME_PHONE,ETHNICITY_NAME,MARITAL_STATUS,BIRTH_DT,BIRTH_PLACE,CITIZENSHIP,EDUCATION_BCKGND,EDUCATION_YEARS,GRAD_YR,EMAIL_ADDRESS,ADDR_EFF_DATE,DECEASE_FLG,PER_TITLE,PER_TITLE_SUFFIX,JOB_TITLE,COMMENTS,PRIMARY_SPECIALTY,DEGREE,CERTIFICATION,GENDER,MANAGER_ID,CREATED_BY_ID,CHANGED_BY_ID,CREATED_ON_DT,CHANGED_ON_DT,Country,State,SITE_ID,PROTOCOL_NUM
7416,100791,Investigator,Peter,,,Logunov,,,,+380 50 677 0510,,,,,,,,,,,,,,Petr.Logunov@gmail.com,,,,,,,,,,,,,,Sat May 09 00:00:00 UTC 22,Sat May 09 00:00:00 UTC 22,Iceland,Madrid,PTCL00600214,PTCL006
7417,100792,Investigator,Maria,,,Rotkang,,,,007 382 253 01 27,,,,,,,,,,,,,,Maria.Rotkank@gmail.com,,,,,,,,,,,,,,Sat May 09 00:00:00 UTC 22,Sat May 09 00:00:00 UTC 22,Gambia,KY,PTCL00600217,PTCL006
7418,100793,Investigator,Andrij,,,Kuzyk,,,,+380 9755560002355,,,,,,,,,,,,,,Andrij.Kuzyk@gmail.com,,,,,,,,,,,,,,Sat May 09 00:00:00 UTC 22,Sat May 09 00:00:00 UTC 22,Iran,Rivers,PTCL00600220,PTCL006
7419,100794,Investigator,Alli,,,Lavrenova,+7 812 555 58 95 fax,,,+7 812 555-27-86,,,,,,,,,,,,,,,,,,,head of pregnancy pathology department,,,,,F,,,,Sat May 09 00:00:00 UTC 22,Sat May 09 00:00:00 UTC 22,Palestine  State of,Connacht,PTCL00600223,PTCL006
7420,100795,Investigator,Dmitriy,,,Popok,,,,007 812 925 72 66 cell,,,,,,,,,,,,,,Dmitriy.Popov@gmail.com,,,Dr.,,Surgeon,,,,,M,,,,Sat May 09 00:00:00 UTC 22,Sat May 09 00:00:00 UTC 22,Greenland,Parรก,PTCL00600226,PTCL006
7421,100796,Investigator,,,,Mazova,+7 3532 314589 fax,,,+7 353 231-45-89,,,,,,,,,,,,,,,,,,,,,,,,,,,,Sat May 09 00:00:00 UTC 22,Sat May 09 00:00:00 UTC 22,Tajikistan,Campania,PTCL00600229,PTCL006
7422,100797,Investigator,,,,Gurian,,,,+7 1259235549675,,+7 812 592 35 54 work,,,,,,,,,,,,,,,,,,,,,,,,,,Sat May 09 00:00:00 UTC 22,Sat May 09 00:00:00 UTC 22,Saint Pierre and Miquelon,WB,PTCL00600232,PTCL006
7423,100798,Investigator,Igor,,,,,,,7 863 267 45 50,,,,,,,,,,,,,,Igor.@gmail.com,,,Prof.,,,,,,,,,,,Sat May 09 00:00:00 UTC 22,Sat May 09 00:00:00 UTC 22,Dominican Republic,Vlaams-Brabant,PTCL00600235,PTCL006
7424,100799,Investigator,Andrey,,,Vorikhanov,,,,+7 9055119726662,,,,,,,,,,,,,,Andrey.Vorikhanov@gmail.com,,,,,,,,,,,,,,Sat May 09 00:00:00 UTC 22,Sat May 09 00:00:00 UTC 22,Mauritania,Ontario,PTCL00600238,PTCL006
7425,10080,Investigator,Norihiko,Norihiko Kotooka,,Kotooka,81952342085,,,,,81952316511,,,,,,,,,,,,Norihiko.Kotooka@gmail.com,,,Dr.,,Sub-Investigator,,,,,,,,,Sat May 09 00:00:00 UTC 22,Sat May 09 00:00:00 UTC 22,Somalia,NSW,PTCL00600241,PTCL006
7426,100800,Investigator,Viktor,,,Kolosov,,,,79145777572,,,,,,,,,,,,,,Viktor.Kolosov@gmail.com,,,,,,,,,,,,,,Sat May 09 00:00:00 UTC 22,Sat May 09 00:00:00 UTC 22,Cape Verde,MA,PTCL00600244,PTCL006
7427,100801,Investigator,Lica,,,Dobordzhgenidze,(375 016) 263.124 fax,,,7916220-55-50,,,,,,,,,,,,,,Lira.Dobordzhgenidze@gmail.com,,,Dr.,,?,,,,,,,,,Sat May 09 00:00:00 UTC 22,Sat May 09 00:00:00 UTC 22,Guyana,New Brunswick,PTCL00600247,PTCL006
7428,100802,Investigator,Lina,,,Dobordzhgenidze,,,,+7 916 220-55-50,,,,,,,,,,,,,,Lina.Dobordzhgenidze@gmail.com,,,,,,,,,,,,,,Sat May 09 00:00:00 UTC 22,Sat May 09 00:00:00 UTC 22,Guyana,New Brunswick,PTCL00600247,PTCL006
7429,100803,Investigator,Peteir,Peter Haviar,,Havia,,,,+421 907 667 539,,4.22E+11,,,,,,,,,,,,Peteir.Havia@gmail.com,,,,,Pharmacist,,,,,,,,,Sat May 09 00:00:00 UTC 22,Sat May 09 00:00:00 UTC 22,Luxembourg,Gaz,PTCL00600253,PTCL006
90998,100803,Investigator,Peter,Peter Haviar,,Haviar,,,,+421 907 667 539,,4.22E+11,,,,,,,,,,,,,,,,,Pharmacist,,,,,,,,,Sat May 09 00:00:00 UTC 22,Sat May 09 00:00:00 UTC 22,Luxembourg,Gaz,PTCL00600253,PTCL006
