Source_Id,MDM_CONTACT_ID,CONTACT_TYPE,FST_NAME,FULL_NAME,MID_NAME,LAST_NAME,FAX_PH_NUM1,FAX_PH_NUM2,FAX_PH_NUM3,PRIMARY_MOBILE_NUM,SECONDARY_MOBILE_NUM,WORK_PHONE1,WORK_PHONE2,WORK_PHONE3,HOME_PHONE,ETHNICITY_NAME,MARITAL_STATUS,BIRTH_DT,BIRTH_PLACE,CITIZENSHIP,EDUCATION_BCKGND,EDUCATION_YEARS,GRAD_YR,EMAIL_ADDRESS,ADDR_EFF_DATE,DECEASE_FLG,PER_TITLE,PER_TITLE_SUFFIX,JOB_TITLE,COMMENTS,PRIMARY_SPECIALTY,DEGREE,CERTIFICATION,GENDER,MANAGER_ID,CREATED_BY_ID,CHANGED_BY_ID,CREATED_ON_DT,CHANGED_ON_DT,Country,State,SITE_ID,PROTOCOL_NUM
4101,100242,Investigator,Vladimire,,,Golovkin,+7(812) 336 33 34 fax,,,+7 1233633339675,,+7 812 336 33 33 work,,,,,,,,,,,,Vladimire.Golovkin@gmail.com,,,Dr,,,,,,,,,,,Sat May 09 00:00:00 UTC 22,Sat May 09 00:00:00 UTC 22,Zimbabwe,Namen,PTCL00600202,PTCL006
4102,100243,Investigator,Eugeny,,,Osmanov,+7 495 324 98 29 fax,,,+7 495 324-98-29,,,,,,,,,,,,,,Eugeny.Osmanov@gmail.com,,,,,Heard of department of Haemoblastosis Chemotherapy,,,,,M,,,,Sat May 09 00:00:00 UTC 22,Sat May 09 00:00:00 UTC 22,Brunei,Hatay,PTCL00600205,PTCL006
46364,100243,Investigator,Eugeni,,,Osmanov,+7 495 324 98 29 fax,,,+7 495 324-98-29,,,,,,,,,,,,,,Eugeny.Osmanov@gmail.com,,,,,Heard of department of Haemoblastosis Chemotherapy,,,,,M,,,,Sat May 09 00:00:00 UTC 22,Sat May 09 00:00:00 UTC 22,Brunei,Hatay,PTCL00600205,PTCL006
40343,100243,Investigator,Eugeji,,,Osmanov,+7 495 324 98 29 fax,,,+7 495 324-98-29,,,,,,,,,,,,,,Eugeny.Osmanov@gmail.com,,,,,Heard of department of Haemoblastosis Chemotherapy,,,,,M,,,,Sat May 09 00:00:00 UTC 22,Sat May 09 00:00:00 UTC 22,Brunei,Hatay,PTCL00600205,PTCL006
4103,100244,Investigator,Azura,,,Deniel,60326925713 fax,,,60123026015,,,,,,,,,,,,,,,,,MD,,,,,,,,,,,Sat May 09 00:00:00 UTC 22,Sat May 09 00:00:00 UTC 22,Kenya,Stockholms län,PTCL00600208,PTCL006
4104,100245,Investigator,Elena,,,Zherlitsin,,,,+7 921 580-39-41,,,,,,,,,,,,,,Elena.Zherlitsin@gmail.com,,,,,,,,,,,,,,Sat May 09 00:00:00 UTC 22,Sat May 09 00:00:00 UTC 22,Virgin Islands  United States,Ist,PTCL00600211,PTCL006
4105,100246,Investigator,Lyudmila,,,Gudovannya,+7 3462 527324 fax,,,+7 346 252-71-29,,,,,,,,,,,,,,Lyudmila.Gudovannya@gmail.com,,,,,,,,,,F,,,,Sat May 09 00:00:00 UTC 22,Sat May 09 00:00:00 UTC 22,Iceland,Madrid,PTCL00600214,PTCL006
9099,100040,Investigator,Igop,,,Belenkil,,,,+7 812 583-16-10,,,,,,,,,,,,,,Igor.Belenkil@gmail.com,,,,,,,,,,M,,,,Sat May 09 00:00:00 UTC 22,Sat May 09 00:00:00 UTC 22,Saint Pierre and Miquelon,Wie,PTCL00300205,PTCL003
4106,100247,Investigator,Tatyana,,,Davydenko,,,,+7 812 558-78-35,,+ 7 812 592 37 02 work,,,,,,,,,,,,Tatyana.Davydenko@gmail.com,,,,,,,,,,,,,,Sat May 09 00:00:00 UTC 22,Sat May 09 00:00:00 UTC 22,Gambia,KY,PTCL00600217,PTCL006
4107,100248,Investigator,Elenak,,,Demjan,,,,+7 49568912319675,,+7 495 689 12 31 work,,,,,,,,,,,,Elenak.Demjan@gmail.com,,,,,,,,,,,,,,Sat May 09 00:00:00 UTC 22,Sat May 09 00:00:00 UTC 22,Iran,Rivers,PTCL00600220,PTCL006
4108,100249,Investigator,Vitaliy,,,Kovtun,,,,+380 50 757 9351,,,,,,,,,,,,,,Vitaliy.Kovtun@gmail.com,,,,,,,,,,,,,,Sat May 09 00:00:00 UTC 22,Sat May 09 00:00:00 UTC 22,Palestine  State of,Connacht,PTCL00600223,PTCL006
4109,10025,Investigator,H,H Corbeij,,Corbeij,,,,,,31765953873,,,,,,,,,,,,H.Corbeij@gmail.com,,,Dr.,,Sub-Investigator,,,,,,,,,Sat May 09 00:00:00 UTC 22,Sat May 09 00:00:00 UTC 22,Greenland,Pará,PTCL00600226,PTCL006
4110,100250,Research Nurse,Dorota,Dorota Mazur,,Mazur,48846773600,,,+48 602 189 994,,48846773603,,,,,,,,,,,,,,,Ms.,,Study Nurse,,,,,,,,,Sat May 09 00:00:00 UTC 22,Sat May 09 00:00:00 UTC 22,Tajikistan,Campania,PTCL00600229,PTCL006
4111,100251,Investigator,Tatyana,,,Polyakova,,,,+7 499 263-52-53,,,,,,,,,,,,,,Tatyana.Polyakova@gmail.com,,,,,,,,,,,,,,Sat May 09 00:00:00 UTC 22,Sat May 09 00:00:00 UTC 22,Saint Pierre and Miquelon,WB,PTCL00600232,PTCL006
4112,100252,Investigator,Olga,,,Korneeva,,,,+7 4956832708835329,,,,,,,,,,,,,,Olga.Korneeva@gmail.com,,,,,,,,,,,,,,Sat May 09 00:00:00 UTC 22,Sat May 09 00:00:00 UTC 22,Dominican Republic,Vlaams-Brabant,PTCL00600235,PTCL006
4113,100253,Investigator,Marina,,,Leonova,,,,+7 0952612308,,,,,,,,,,,,,,Marina.Leonova@gmail.com,,,,,Professor of Clinical Pharmacology,,,,,,,,,Sat May 09 00:00:00 UTC 22,Sat May 09 00:00:00 UTC 22,Mauritania,Ontario,PTCL00600238,PTCL006
4114,100254,Investigator,,Jos?Antonio M Abrantes,M,Abrantes,5332721652,,,+53 99821819,,5332783928,,,,,,,,,,,,Jos?Antonio.Abrantes@gmail.com,,,Mr.,,Principal Investigator,,,,,,,,,Sat May 09 00:00:00 UTC 22,Sat May 09 00:00:00 UTC 22,Somalia,NSW,PTCL00600241,PTCL006
4115,100255,Investigator,Tatyana,,,Khlevchykz,,,,+7 916 341-01-08,,,,,,,,,,,,,,Tatyana.Khlevchykz@gmail.com,,,,,,,,,,,,,,Sat May 09 00:00:00 UTC 22,Sat May 09 00:00:00 UTC 22,Cape Verde,MA,PTCL00600244,PTCL006
4116,100256,Investigator,Natalia,,,Fedorova,fax +7 4232 41 00 46,,,+7 423 232-85-20,,,,,,,,,,,,,,Natalia.Fedorova@gmail.com,,,,,,,,,,F,,,,Sat May 09 00:00:00 UTC 22,Sat May 09 00:00:00 UTC 22,Guyana,New Brunswick,PTCL00600247,PTCL006
4117,100257,Investigator,Dmitriy,,,Skulyabin,+7 812 542 71 61 fax,,,+7 1254275159675,,+7 812 542 75 15 work,,,,,,,,,,,,Dmitriy.Skulyabin@gmail.com,,,,,,,,,,M,,,,Sat May 09 00:00:00 UTC 22,Sat May 09 00:00:00 UTC 22,French Guiana,Lazio,PTCL00600250,PTCL006
4118,100258,Investigator,Oksana,,,Pesotskayak,,,,+7 879 337-87-23,,,,,,,,,,,,,,Oksana.Pesotskayak@gmail.com,,,,,,,,,,,,,,Sat May 09 00:00:00 UTC 22,Sat May 09 00:00:00 UTC 22,Luxembourg,Gaz,PTCL00600253,PTCL006
4119,100259,Investigator,Irina,,,Karolina,,,,+7 845 295-50-38,,,,,,,,,,,,,,Irina.Karolina@gmail.com,,,,,,,,,,F,,,,Sat May 09 00:00:00 UTC 22,Sat May 09 00:00:00 UTC 22,Cook Islands,RM,PTCL00600256,PTCL006
4120,10026,Investigator,Marvin,Marvin Allen,,Allen,18014180903,,,,,18018125022,,,,,,,,,,,,,,,Dr.,,Sub-Investigator,,,,,,,,,Sat May 09 00:00:00 UTC 22,Sat May 09 00:00:00 UTC 22,South Africa,OR,PTCL00600259,PTCL006
4121,100260,Investigator,Arshavir,,,Asatrian,,,,+7 918 825-34-77,,,,,,,,,,,,,,Arshavir.Asatrian@gmail.com,,,,,,,,,,,,,,Sat May 09 00:00:00 UTC 22,Sat May 09 00:00:00 UTC 22,China,Toscana,PTCL00600262,PTCL006
4122,100261,Investigator,,,,Nokhrina,,,,+7 343 240-44-13,,,,,,,,,,,,,,Galina.Nokhrina@gmail.com,,,MD,,,,,,,F,,,,Sat May 09 00:00:00 UTC 22,Sat May 09 00:00:00 UTC 22,Armenia,Emilia-Romagna,PTCL00600265,PTCL006
4123,100262,Investigator,Elena,,,Bezuglova,,,,+7 920 018-05-27,,,,,,,,,,,,,,Elena.Bezuglova@gmail.com,,,,,,,,,,F,,,,Sat May 09 00:00:00 UTC 22,Sat May 09 00:00:00 UTC 22,Qatar,South Island,PTCL00600268,PTCL006
4124,100263,Investigator,Natalia,,,,,,,+7 812 552-87-51,,,,,,,,,,,,,,Natalia.Lokhovinina@gmail.com,,,,,senior research assistant of laboratory,,,,,F,,,,Sat May 09 00:00:00 UTC 22,Sat May 09 00:00:00 UTC 22,Latvia,SK,PTCL00600271,PTCL006
4125,100264,Investigator,Vladislav,,,Ryabukha,,,,80672990488,,,,,,,,,,,,,,Vladislav.Ryabukha@gmail.com,,,,,,,,,,,,,,Sat May 09 00:00:00 UTC 22,Sat May 09 00:00:00 UTC 22,South Africa,KN,PTCL00600274,PTCL006
4126,100265,Investigator,Lubov,,,Munina,,,,+7 49560144079675,,+7 495 601 44 07 work,,,,,,,,,,,,Lubov.Munina@gmail.com,,,,,,,,,,,,,,Sat May 09 00:00:00 UTC 22,Sat May 09 00:00:00 UTC 22,Djibouti,Lagos,PTCL00600277,PTCL006
4127,100266,Investigator,Ihor,,,Hospodarskyy,,,,3.80E+11,,,,,,,,,,,,,,Ihor.Hospodarskyy@gmail.com,,,,,,,,,,,,,,Sat May 09 00:00:00 UTC 22,Sat May 09 00:00:00 UTC 22,United States,Lubelskie,PTCL00600280,PTCL006
4128,100267,Investigator,Vladimir,,,Levshin,,,,323.56.44,,,,,,,,,,,,,,Vladimir.Levshin@gmail.com,,,,,,,,,,,,,,Sat May 09 00:00:00 UTC 22,Sat May 09 00:00:00 UTC 22,Togo,Madrid,PTCL00600283,PTCL006
4129,100268,Investigator,Milada,,,Golovko,+7 495 330 70 30 fax,,,+7 4953307030329,,,,,,,,,,,,,,,,,,,,,,,,,,,,Sat May 09 00:00:00 UTC 22,Sat May 09 00:00:00 UTC 22,Taiwan,Assam,PTCL00600286,PTCL006
4130,100269,Investigator,Tatiana,,,Poletaeva,+7 3952 24 04 67 fax,,,+7 395 224-04-67,,,,,,,,,,,,,,Tatiana.Poletaeva@gmail.com,,,,,,,,,,F,,,,Sat May 09 00:00:00 UTC 22,Sat May 09 00:00:00 UTC 22,Jordan,BC,PTCL00600289,PTCL006
4131,10027,Investigator,Otto Barnaby,Otto Barnaby Guillen,,Guillen,5116287163,,,,,5112242224,,,,,,,,,,,,Otto Barnaby.Guillen@gmail.com,,,Dr.,,Sub-Investigator,,,,,,,,,Sat May 09 00:00:00 UTC 22,Sat May 09 00:00:00 UTC 22,Guatemala,FL,PTCL00600292,PTCL006
4132,100270,Investigator,Tatiana,,,,+7 3432 46 49 34 fax,,,+7 34324639289675,,+7 3432 46 39 28 work,,,,,,,,,,,,Tatiana.Nikulina@gmail.com,,,MD,,,,,,,F,,,,Sat May 09 00:00:00 UTC 22,Sat May 09 00:00:00 UTC 22,Mozambique,WM,PTCL00600295,PTCL006
4133,100271,Investigator,,,,Zelkovsky,(017) 272.61.97 fax,,,(017) 272.47.74,,,,,,,,,,,,,,Urij.Zelkovsky@gmail.com,,,Dr.,,Head of ICU,,,,,,,,,Sat May 09 00:00:00 UTC 22,Sat May 09 00:00:00 UTC 22,Holy See (Vatican City State),MA,PTCL00600298,PTCL006
4134,100272,Investigator,Dmitry,,,Pushkar,+7 (495) 211 31 29 fax,,,+7 495 211-31-29,,,,,,,,,,,,,,Dmitry.Pushkar@gmail.com,,,prof.,,Principal Investigator,,,,,,,,,Sat May 09 00:00:00 UTC 22,Sat May 09 00:00:00 UTC 22,Tonga,AN,PTCL006001,PTCL006
4135,100273,Investigator,Valeria,,,Krasivska,,,,3.80E+11,,,,,,,,,,,,,,Valeria.Krasivska@gmail.com,,,,,,,,,,,,,,Sat May 09 00:00:00 UTC 22,Sat May 09 00:00:00 UTC 22,Niue,NSW,PTCL006004,PTCL006
4136,100274,Investigator,Tatyana,,,Beloborodova,,,,78632540766,,,,,,,,,,,,,,Tatyana.Beloborodova@gmail.com,,,,,,,,,,,,,,Sat May 09 00:00:00 UTC 22,Sat May 09 00:00:00 UTC 22,Grenada,OR,PTCL006007,PTCL006
4137,100275,Investigator,Galina,,,Milaschenko,,,,38(044)5409642,,,,,,,,,,,,,,Galina.Milaschenko@gmail.com,,,,,,,,,,,,,,Sat May 09 00:00:00 UTC 22,Sat May 09 00:00:00 UTC 22,Saint Vincent and The Grenadines,Tyrol,PTCL0060010,PTCL006
4138,100276,Investigator,Sergey,,,Moiseenko,,,,8921 909 91 47,,,,,,,,,,,,,,Sergey.Moiseenko@gmail.com,,,Prof,,,,,,,,,,,Sat May 09 00:00:00 UTC 22,Sat May 09 00:00:00 UTC 22,Sudan,Maine,PTCL0060013,PTCL006
4139,100277,Investigator,Larisa,,,Ryabova,,,,+7 831686765,,,,,,,,,,,,,,Larisa.Ryabova@gmail.com,,,,,,,,,,F,,,,Sat May 09 00:00:00 UTC 22,Sat May 09 00:00:00 UTC 22,Aruba,Catalunya,PTCL0060016,PTCL006
4140,100278,Investigator,Stepan,,,Yakymets,,,,+380 3622317189675,,+38 0362 23 17 18 work,,,,,,,,,,,,Stepan.Yakymets@gmail.com,,,Dr.,,,,,,,,,,,Sat May 09 00:00:00 UTC 22,Sat May 09 00:00:00 UTC 22,Nauru,Wie,PTCL0060019,PTCL006
4141,100279,Investigator,Olga,,,,+7 4232 23 95 89 fax,,,+7 423 223-84-94,,,,,,,,,,,,,,Olga.??ygankova@gmail.com,,,,,,,,,,F,,,,Sat May 09 00:00:00 UTC 22,Sat May 09 00:00:00 UTC 22,Tonga,LU,PTCL0060022,PTCL006
4142,10028,Investigator,Tracy,Tracy Simpson,,Simpson,19416294987,,,,,19416295356,,,,,,,,,,,,Tracy.Simpson@gmail.com,,,Ms.,,Sub-Investigator,,,,,,,,,Sat May 09 00:00:00 UTC 22,Sat May 09 00:00:00 UTC 22,Iraq,PA,PTCL0060025,PTCL006
4143,100280,Investigator,Tatyana,,,Moiseeva,,,,+7 495 613-26-45,,,,,,,,,,,,,,Tatyana.Moiseeva@gmail.com,,,Md,,,,,,,,,,,Sat May 09 00:00:00 UTC 22,Sat May 09 00:00:00 UTC 22,San Marino,Connacht,PTCL0060028,PTCL006
4144,100281,Investigator,,,,Semenov,38 065 435 25 61 fax,,,38 065 435 05 06,,,,,,,,,,,,,,Valeriy.Semenov@gmail.com,,,,,Chief of the Lab of the Institute,,,,,,,,,Sat May 09 00:00:00 UTC 22,Sat May 09 00:00:00 UTC 22,Sao Tome and Principe,A,PTCL0060031,PTCL006
4145,100282,Investigator,Marina,,,Dudina,+7 495187 74 83 fax,,,+7 49518736749675,,+7 495 187 36 74 work,,,,,,,,,,,,Marina.Dudina@gmail.com,,,,,,,,,,,,,,Sat May 09 00:00:00 UTC 22,Sat May 09 00:00:00 UTC 22,Guatemala,West-Vlaanderen,PTCL0060034,PTCL006
4146,100283,Investigator,Viktor,,,Blazhko,38 057 775 15 51 fax,,,38 057 775 15 15,,,,,,,,,,,,,,Viktor.Blazhko@gmail.com,,,,,research associate of the Dep. of Pulmonology of the Institute,,,,,,,,,Sat May 09 00:00:00 UTC 22,Sat May 09 00:00:00 UTC 22,Saudi Arabia,MI,PTCL0060037,PTCL006
4147,100284,Investigator,Sergii,,,Kosulnykov,`+380675636120 fax,,,`+380504545480/ +380675636120,,,,,,,,,,,,,,Sergii.Kosulnykov@gmail.com,,,,,,,,,,,,,,Sat May 09 00:00:00 UTC 22,Sat May 09 00:00:00 UTC 22,Netherlands,WP,PTCL0060040,PTCL006
4148,100285,Investigator,Nina,,,Antimonik,,,,8-901-305-73-80,,,,,,,,,,,,,,Nina.Antimonik@gmail.com,,,Dr.,,oncologist,,,,,,,,,Sat May 09 00:00:00 UTC 22,Sat May 09 00:00:00 UTC 22,Guinea-Bissau,Vienna,PTCL0060043,PTCL006
4149,100286,Investigator,Vladimir,,,Shchekotov,,,,73422634399,,,,,,,,,,,,,,Vladimir.Shchekotov@gmail.com,,,Professor,,,,,,,M,,,,Sat May 09 00:00:00 UTC 22,Sat May 09 00:00:00 UTC 22,Liberia,AB,PTCL0060046,PTCL006
4150,100287,Investigator,Olga,,,Shmakova,+7 8632 54 78 33 fax,,,+7 863 254-78-33,,,,,,,,,,,,,,Olga.Shmakova@gmail.com,,,,,,,,,,,,,,Sat May 09 00:00:00 UTC 22,Sat May 09 00:00:00 UTC 22,Andorra,RM,PTCL0060049,PTCL006
4151,100288,Investigator,Anna,,,Klimovich,,,,+7 812 230-19-33,,,,,,,,,,,,,,Anna.Klimovich@gmail.com,,,,,,,,,,,,,,Sat May 09 00:00:00 UTC 22,Sat May 09 00:00:00 UTC 22,Puerto Rico,DE,PTCL0060052,PTCL006
4152,100289,Investigator,Lev,,,Gotman,+7(495) 612-4252 fax,,,+7 4956120909835,,,,,,,,,,,,,,Lev.Gotman@gmail.com,,,,,,,,,,,,,,Sat May 09 00:00:00 UTC 22,Sat May 09 00:00:00 UTC 22,Cayman Islands,VI,PTCL0060055,PTCL006
4153,10029,Study Coordinator,Haruka,Haruka Sano,,Sano,,,,,,81354756112,,,,,,,,,,,,Haruka.Sano@gmail.com,,,Miss.,,Study Coordinator,,,,,,,,,Sat May 09 00:00:00 UTC 22,Sat May 09 00:00:00 UTC 22,Canada,Pays de la Loire,PTCL0060058,PTCL006
4154,100290,Investigator,Anatoliy,,,Lupikin,,,,+7 812 736-82-11,,,,,,,,,,,,,,Anatoliy.Lupikin@gmail.com,,,MD,,Cardiologist,,,,,M,,,,Sat May 09 00:00:00 UTC 22,Sat May 09 00:00:00 UTC 22,Bouvet Island,Midi-Pyrénées,PTCL0060061,PTCL006
4155,100291,Investigator,Irakli,,,Kokhreidze,,,,+995 599 54 88 12,,,,,,,,,,,,,,Irakli.Kokhreidze@gmail.com,,,,,,,,,,,,,,Sat May 09 00:00:00 UTC 22,Sat May 09 00:00:00 UTC 22,Montserrat,Vorarlberg,PTCL0060064,PTCL006
4156,100292,Investigator,Nikita,,,Perepech,+7 812 230-67-60 tel/fax,,,+7 92191016832355,,,,,,,,,,,,,,Nikita.Perepech@gmail.com,,,Prof.,,Head of Department,,,,,,,,,Sat May 09 00:00:00 UTC 22,Sat May 09 00:00:00 UTC 22,Haiti,British Columbia,PTCL0060067,PTCL006
4157,100293,Investigator,Ludmila,,,Tamrazova,+7 343 240 17 96 work/fax,,,+7 34324017969675329,,+7 343 240 17 96 work/fax,,,,,,,,,,,,Ludmila.Tamrazova@gmail.com,,,,,,,,,,F,,,,Sat May 09 00:00:00 UTC 22,Sat May 09 00:00:00 UTC 22,Gambia,North Island,PTCL0060070,PTCL006
4158,100294,Investigator,Ludmila,,,Tamrakova,,,,+380 95 408 1627,,,,,,,,,,,,,,Ludmila.Tamrakova@gmail.com,,,,,,,,,,,,,,Sat May 09 00:00:00 UTC 22,Sat May 09 00:00:00 UTC 22,Bouvet Island,NA,PTCL0060073,PTCL006
4159,100295,Investigator,Natalya,,,Stoyda,,,,+7 495 490-22-04,,,,,,,,,,,,,,Natalya.Stoyda@gmail.com,,,,,,,,,,,,,,Sat May 09 00:00:00 UTC 22,Sat May 09 00:00:00 UTC 22,Martinique,MI,PTCL0060076,PTCL006
4160,100296,Investigator,Sergey,,,Gromov,+7 812 567 72 80 fax,,,+7 91171466552355,,+7 812 567 72 80 work,,,,,,,,,,,,Sergey.Gromov@gmail.com,,,Prof,,Head of Departmaent,,,,,M,,,,Sat May 09 00:00:00 UTC 22,Sat May 09 00:00:00 UTC 22,Tunisia,E,PTCL0060079,PTCL006
4161,100297,Investigator,Boris,,,Beyn,,,,+7 833 267-92-37,,,,,,,,,,,,,,Boris.Beyn@gmail.com,,,,,,,,,,,,,,Sat May 09 00:00:00 UTC 22,Sat May 09 00:00:00 UTC 22,American Samoa,Uttar Pradesh,PTCL0060082,PTCL006
4162,100298,Investigator,Lubov,,,Ovchinnikova,7 (4852) 73 64 25 fax,,,7 (4852) 73 71 03,,,,,,,,,,,,,,Lubov.Ovchinnikova@gmail.com,,,,,,,,,,F,,,,Sat May 09 00:00:00 UTC 22,Sat May 09 00:00:00 UTC 22,Uruguay,AN,PTCL0060085,PTCL006
4163,100299,Investigator,Elena,,,Nikolaeva,,,,+7 812 322-09-34,,,,,,,,,,,,,,,,,MD,,registrar,,,,,F,,,,Sat May 09 00:00:00 UTC 22,Sat May 09 00:00:00 UTC 22,Dominica,Araucanía,PTCL0060088,PTCL006
4164,10030,Investigator,Prakash,Prakash Desai,,Desai,18064632197,,,,,18064632153,,,,,,,,,,,,Prakash.Desai@gmail.com,,,Dr.,,Sub-Investigator,,,,,,,,,Sat May 09 00:00:00 UTC 22,Sat May 09 00:00:00 UTC 22,Belize,Minnesota,PTCL0060091,PTCL006
4165,100300,Investigator,Tatiana,,,Terenteva,fax 7-812-445-4017,,,8 921 659 68 11,,,,,,,,,,,,,,Tatiana.Terenteva@gmail.com,,,,,,,,,,F,,,,Sat May 09 00:00:00 UTC 22,Sat May 09 00:00:00 UTC 22,Malawi,X,PTCL0060094,PTCL006
4166,100301,Investigator,Marina,,,Deulina,+7 495 365 46 80 fax,,,,,+7 495 366 05 18 work,,,,,,,,,,,,Marina.Deulina@gmail.com,,,Dr.,,,,,,,,,,,Sat May 09 00:00:00 UTC 22,Sat May 09 00:00:00 UTC 22,Eritrea,Zeeland,PTCL0060097,PTCL006
4167,100302,Investigator,Manana,,,Martynova,,,,,,,,,,,,,,,,,,,,,,,Doctor,,,,,,,,,Sat May 09 00:00:00 UTC 22,Sat May 09 00:00:00 UTC 22,Jordan,KN,PTCL00600100,PTCL006
