Source_Id,MDM_CONTACT_ID,CONTACT_TYPE,FST_NAME,FULL_NAME,MID_NAME,LAST_NAME,FAX_PH_NUM1,FAX_PH_NUM2,FAX_PH_NUM3,PRIMARY_MOBILE_NUM,SECONDARY_MOBILE_NUM,WORK_PHONE1,WORK_PHONE2,WORK_PHONE3,HOME_PHONE,ETHNICITY_NAME,MARITAL_STATUS,EMAIL_ADDRESS,ADDR_EFF_DATE,DECEASE_FLG,PER_TITLE,PER_TITLE_SUFFIX,JOB_TITLE,COMMENTS,PRIMARY_SPECIALTY,DEGREE,CERTIFICATION,GENDER,MANAGER_ID,CREATED_BY_ID,CHANGED_BY_ID,CREATED_ON_DT,CHANGED_ON_DT,Country,State,SITE_ID,PROTOCOL_NUM
4174,100309,Investigator,Sergei,,,Belonozhkin,+7 8612 22 29 23 fax,,,+7 861 222-29-35,,,,,,,,Sergei.Belonozhkin@gmail.com,,,,,,,,,,,,,,Sat May 09 00:00:00 UTC 22,Sat May 09 00:00:00 UTC 22,Burundi,Zl,PTCL00600121,PTCL006
4175,10031,Investigator,Terry,Terry Clemons,,Clemens,,,,,,12565198472,,,,,,Terry.Clemens@gmail.com,,,Ms.,,Sub-Investigator,,,,,,,,,Sat May 09 00:00:00 UTC 22,Sat May 09 00:00:00 UTC 22,Bahamas,,PTCL00600124,PTCL006
4176,100310,Investigator,Natalya,,,Chernyshova,,,,+7 395 246-53-01,,,,,,,,Natalya.Chernyshova@gmail.com,,,MD,,Therapeutist  cardiologist,,,,,F,,,,Sat May 09 00:00:00 UTC 22,Sat May 09 00:00:00 UTC 22,Hong Kong,Utah,PTCL00600127,PTCL006
4177,100311,Investigator,Viktor,,,Likov,,,,74954140542,,+7??495??414 05 42 work,,,,,,Viktor.Likov@gmail.com,,,,,,,,,,,,,,Sat May 09 00:00:00 UTC 22,Sat May 09 00:00:00 UTC 22,Seychelles,ON,PTCL00600130,PTCL006
4178,100312,Investigator,Gussel,,,Vafina,,,,+7 843 292-29-79,,,,,,,,Gussel.Vafina@gmail.com,,,MD,,,,,,,F,,,,Sat May 09 00:00:00 UTC 22,Sat May 09 00:00:00 UTC 22,Saint Vincent and The Grenadines,Florida,PTCL00600133,PTCL006
4179,100313,Investigator,Kim,,,Harper,,,,601-420-5810,,,,,,,,Kim.Harper@gmail.com,,,,,SC,,,,,,,,,Sat May 09 00:00:00 UTC 22,Sat May 09 00:00:00 UTC 22,Turkey,VII,PTCL00600136,PTCL006
4180,100314,Investigator,Kem,,,Harpel,,,,6010420-5810,,,,,,,,Kim.Harper@gmail.com,,,,,,,,,,,,,,Sat May 09 00:00:00 UTC 22,Sat May 09 00:00:00 UTC 22,Turkey,VII,PTCL00600136,PTCL006
4181,100315,,Ruslana Viacheslavovna,Ruslana Viacheslavovna Kruglina,,Kruglina,+7(095)4650952,,,+7 916 192-35-65,,+7(095)4658216      +7(095)4658427,,,+7(095)1599398 (hom),,,Ruslana Viacheslavovna.Kruglina@gmail.com,,,,,Co-investigator  MRI,,,,,,,,,Sat May 09 00:00:00 UTC 22,Sat May 09 00:00:00 UTC 22,United States,BR,PTCL00600142,PTCL006
4182,100316,Investigator,Evsey,,,Mazo,+7 495 952 43 45 tel/fax,,,+7 49579685582355,,,,,,,,Evsey.Mazo@gmail.com,,,,,,,,,,,,,,Sat May 09 00:00:00 UTC 22,Sat May 09 00:00:00 UTC 22,Mauritius,Wie,PTCL00600145,PTCL006
4183,100317,Investigator,Polina,,,Dolotovskaya,,,,8-927-620-47-58,,,,,,,,Polina.Dolotovskaya@gmail.com,,,,,,,,,,,,,,Sat May 09 00:00:00 UTC 22,Sat May 09 00:00:00 UTC 22,Iraq,HH,PTCL00600148,PTCL006
4184,100318,Investigator,Olga,,,Gusak,,,,+380 95 190 2256,,,,,,,,,,,,,,,,,,,,,,Sat May 09 00:00:00 UTC 22,Sat May 09 00:00:00 UTC 22,Iceland,Manitoba,PTCL00600151,PTCL006
4185,100319,Investigator,Dilyara,,,Shagiakhmetova,,,,+7 843 269-76-64,,,,,,,,Dilyara.Shagiakhmetova@gmail.com,,,MD,,,,,,,F,,,,Sat May 09 00:00:00 UTC 22,Sat May 09 00:00:00 UTC 22,Mauritania,X,PTCL00600154,PTCL006
4186,10032,Investigator,Jeffrey,Jeffrey Apter,,Hapter,16099213620,,,,,16092193555,,,,,,,,,,,,,,,,,,,,Sat May 09 00:00:00 UTC 22,Sat May 09 00:00:00 UTC 22,Wallis and Futuna,Berlin,PTCL00600157,PTCL006
4187,100320,Investigator,Anastesia,,,Sobornova,,,,+7 903 910-05-83,,,,,,,,Anastesia.Sobornova@gmail.com,,,,,,,,,,,,,,Sat May 09 00:00:00 UTC 22,Sat May 09 00:00:00 UTC 22,Papua New Guinea,Berlin,PTCL00600160,PTCL006
